campaign_name,ad_name,objective,body,title,spend,clicks,impressions,ctr,thumbnail_url
V4 I FORMS I TRATAMENTO TÉRMICO,Forms2 I ADE I TT 3,OUTCOME_LEADS,"Equipamentos de ponta, equipe qualificada e anos de experiência. 

🏆 Esses são apenas alguns dos motivos para escolher uma empresa especializada em tratamento térmico.

💼 Conte com quem entende do assunto e garanta a qualidade que sua empresa merece!
✉️ contato@pointthermic.com.br
📱 11 4580 – 3934

#PointThermic #TratamentoTérmico #LimpezaQuímica #qualidade #confiança", ,60.47,8,1353,0.0059,https://scontent-fra3-2.xx.fbcdn.net/v/t39.30808-1/665922689_1279329771051434_238460890118765342_n.jpg?_nc_cat=104&ccb=1-7&_nc_eui2=AeFR2JrfuMnJ0Ke7BqlD0z3voNIA5HfgF0Sg0gDkd-AXRMmWQ2-5s7GbUHore0ejjbau2NfiVVsMRQTop1oMOdze&_nc_ohc=N0Tw6ZhptlAQ7kNvwGNbvmA&_nc_oc=Adp1Zt928Yy8aqamwcru5kEUfUwaW5hJi3QW8iWwhxrwBHpzmd596ge5MioTyZ5a7hg&_nc_zt=24&_nc_ht=scontent-fra3-2.xx&edm=AEuWsiQEAAAA&_nc_gid=wqw-IcKqI_1CvXNtWyU-Fw&_nc_tpa=Q5bMBQJhnTM173M0lYhtFhPmu9nmHcFHHy7vYJZ1meZIeECvdbK8X_99W8XBuKsClLh_oRlfZRW7qI3fHw&stp=c0.5000x0.5000f_dst-emg0_p1024x1024_q75_tt6&ur=68aae3&_nc_sid=58080a&oh=00_AQKkw3fh2Ko5ndnO0V4ue5AGs3xzEaQPdDxDyLJK-ETjiA&oe=6ABC49D2
V4 I FORMS I LIMPEZA QUÍMICA,Forms2 I AD3 - Decapagem e Passivação,OUTCOME_LEADS,"Corrosão é o inimigo número um da vida útil das suas tubulações. Proteja seu patrimônio com o tratamento correto. 🛡️

Especialistas em Decapagem e Passivação, preparamos sua infraestrutura para anos de operação segura, eliminando contaminantes e criando a camada passiva necessária para resistir aos processos industriais mais severos.

Garanta a proteção total contra a corrosão:
👇 Clique e deixe seus dados no formulário para receber nossa proposta técnica.",Faça um orçamento aqui,15.84,6,430,0.014,https://scontent-fra5-2.xx.fbcdn.net/v/t45.1600-4/685712760_2360242721151350_3156694784617766187_n.png?_nc_cat=109&ccb=1-7&_nc_eui2=AeEOVV0gXtq4LSCN8FtjK8QpcevsDYaKzwxx6-wNhorPDNDMhv76lJOAYGS_YsvSZIlPX--Xl_CC6F0lY2MIS6TE&_nc_ohc=AH3a2D6X83oQ7kNvwEFs_-D&_nc_oc=AdpHY7gO6DhY99V3A1Wvbopzk2eNt1BvIwYzDi6uwQ7nzSEkpGI8N3G0vaFGDVEebiA&_nc_zt=1&_nc_ht=scontent-fra5-2.xx&edm=AEuWsiQEAAAA&_nc_gid=6ZhQZqMQCMAeJWJ8HPnDKA&_nc_tpa=Q5bMBQISh1t0DJkUxx703q82rNUr6PsAQ9CnPVUEfdVFhvbB-Z7NEykjtAzWSPEX74c6AZLGfZMNFGOUJQ&stp=c0.5000x0.5000f_dst-emg0_p1024x1024_q75_tt6&ur=52f3c4&_nc_sid=58080a&oh=00_AQI5JJoyD_--nS3CzCf34QUrB9uQHo72iVmfu2tOvDjgwg&oe=6ABC510F
V4 I FORMS I TRATAMENTO TÉRMICO,Forms2 I ADV I TT 7,OUTCOME_LEADS,"O tratamento térmico garante a durabilidade e a eficiência dos seus equipamentos, melhorando as propriedades mecânicas dos metais. Trabalhamos com profissionais capacitados e ferramentas de alta tecnologia para garantir eficiência e qualidade em nosso serviço.

Quer saber mais?

➡️ Entre em contato com um de nossos consultores e solicite seu orçamento, acesse o LINK NA BIO.

#PointThermic #TratamentoTérmico #LimpezaQuímica",,6.71,1,147,0.0068,https://scontent-fra3-2.xx.fbcdn.net/v/t39.30808-1/665922689_1279329771051434_238460890118765342_n.jpg?_nc_cat=104&ccb=1-7&_nc_eui2=AeFR2JrfuMnJ0Ke7BqlD0z3voNIA5HfgF0Sg0gDkd-AXRMmWQ2-5s7GbUHore0ejjbau2NfiVVsMRQTop1oMOdze&_nc_ohc=N0Tw6ZhptlAQ7kNvwGNbvmA&_nc_oc=Adp1Zt928Yy8aqamwcru5kEUfUwaW5hJi3QW8iWwhxrwBHpzmd596ge5MioTyZ5a7hg&_nc_zt=24&_nc_ht=scontent-fra3-2.xx&edm=AEuWsiQEAAAA&_nc_gid=MPmLDwVwrsAAdCQRwWom8Q&_nc_tpa=Q5bMBQJnRF4eIIXMC9YljB7Tvw6htQ1d_mBmdulKxHXG7kbDDVwUgGDr-95P9hf7KtK3pmXlYhk9ZFmy7A&stp=c0.5000x0.5000f_dst-emg0_p1024x1024_q75_tt6&ur=68aae3&_nc_sid=58080a&oh=00_AQIu6pK_enC4tMY6VEgCAmFzR6pLY9obwebjdb49PsoWtQ&oe=6ABC49D2
V4 I LEADS I Whats App - Tratamento Térmico e Limpeza Química,ADE I TT 4,OUTCOME_ENGAGEMENT,"Você sabia que o tratamento térmico é indispensável após a soldagem? Esse processo melhora a resistência e a durabilidade das peças, reduzindo tensões internas e prevenindo deformações. 🔧 

Confie na nossa experiência para garantir a qualidade do seu projeto! 💪

Quer saber mais sobre nossos serviços? Entre em contato com a nossa equipe! 

✉️ contato@pointthermic.com.br
📱 11 4580 – 3934

#PointThermic #TratamentoTérmico #LimpezaQuímica #qualidade #confiança",api.whatsapp.com,1.28,0,20,0,https://external-fra3-1.xx.fbcdn.net/emg1/v/t13/2348600264394123875?url=https%3A%2F%2Fwww.facebook.com%2Fads%2Fimage%2F%3Fd%3DAQKBJWC8XJWOKgsGgztU5u-toUJC6OgyzeOkTjVwCmyXCTR9qPmpdYQS4fI28tAaiSrD0RZ4oB-PHyTJwhFMEAHe2DWPEWCnVfwHGUwor5KoGAyhMspF9pScGbYigxnVyG_MR5YmLHol5vuT82nUQU5P&fb_obo=1&utld=facebook.com&_nc_sid=58080a&_nc_ht=external-fra3-1.xx.fbcdn.net&stp=c0.5000x0.5000f_dst-emg0_p1024x1024_q75_tt6&ccb=18-1&_nc_gid=FflKLlkQjX4xqXAna2kElg&edm=AEuWsiQEAAAA&_nc_zt=3&_nc_eui2=AeHkRBR3kzZIjbUuHG7tsmBXhVv0u6BXmfOFW_S7oFeZ8-AWFqDWQ9QDHFo5smXp932-mnxgZudBF1QWbuhTi5U9&_nc_tpa=Q5bMBQK4fifhK4jTCL1WE7_RE3gyVZtnhMfgPyX-YNScEIkvgtMQtvIJDwqEkuQgBUDOJbrkyuVZK60OCQ&oh=06_Q3_DAeHUJbFSf6TwZRpM13pSJDtWNje0n9SDsasRp6llP2Ii&oe=6AB86346
V4 I LEADS I Whats App - Tratamento Térmico e Limpeza Química,AD1 - LIMPEZA QUÍMICA,OUTCOME_ENGAGEMENT,"Projetos de alta complexidade exigem garantias sólidas. Na Point Thermic, entregamos mais do que limpeza: entregamos conformidade. 📑

Realizamos Limpeza Química Industrial com Laudo Técnico Certificado, atendendo aos setores de Petróleo & Gás, Petroquímica e Metalurgia em todo o Brasil. Segurança absoluta para suas auditorias e máxima eficiência para seus ativos.

Precisa de um orçamento técnico?
👇 Clique abaixo, preencha o formulário e nossa equipe de engenharia entrará em contato.",Converse conosco,48.34,24,2325,0.0103,https://external-fra3-1.xx.fbcdn.net/emg1/v/t13/18106240133757839705?url=https%3A%2F%2Fwww.facebook.com%2Fads%2Fimage%2F%3Fd%3DAQIuOTTX2mwGKVpo2PGNUDo3fFxzXRJA0gJhodHhsmqqzWJWJajOboIKT9BvR3utIPFWeTPKUThylSZCyDPHhDU24m20f6eyFfFv0dEGVO9wZgnLUgzOn47xBobJsVoX1a9hVTAr8cqL1ecJa1B-YSVd&fb_obo=1&utld=facebook.com&_nc_sid=58080a&_nc_ht=external-fra3-1.xx.fbcdn.net&stp=c0.5000x0.5000f_dst-emg0_p1024x1024_q75_tt6&ccb=18-1&_nc_gid=FflKLlkQjX4xqXAna2kElg&edm=AEuWsiQEAAAA&_nc_zt=3&_nc_eui2=AeEAYQ_WqUUAJsJDH2vX-luq3oF9z41mXJfegX3PjWZclxYyqm0Fljcmo0j2S9CUouaMKJGldd2tX_WRg4kkQKTv&_nc_tpa=Q5bMBQK7Mq0iUazc6rQwb_uHGS48AdBQjfCFnsb7qlhI6ztNIcVL-4fa4G_Ph1HQ0StRGb3kEc2cG4tU5w&oh=06_Q3_DAZjUppGxZxoH0A6BcGBWVawS2Gvp8tA0dX1GWUyRM0aO&oe=6AB84E3C
V4 I LEADS I Whats App - Tratamento Térmico e Limpeza Química,ADE I TT 2,OUTCOME_ENGAGEMENT,"Quando uma estrutura falha, o Tratamento Térmico até pode ter sido feito.
O problema é que, muitas vezes, foi feito do jeito errado.

Subdimensionar o Tratamento Térmico significa aplicar parâmetros inadequados ao material, à espessura ou ao tipo de soldagem.
Isso inclui tempo insuficiente, temperatura fora da faixa correta ou falta de controle no aquecimento e resfriamento.

O resultado não aparece de imediato.
As tensões residuais permanecem no material e evoluem silenciosamente, comprometendo a integridade estrutural ao longo do tempo.

Tratamento Térmico não pode ser tratado como protocolo genérico.
Ele precisa ser dimensionado para cada aplicação.

Fale com a equipe da Point Thermic e verifique se o Tratamento Térmico da sua estrutura foi corretamente dimensionado.

📲 WhatsApp: (11) 93049-1957
☎️ Fixo: (11) 4580-3934
📩 comercial@pointthermic.com.br

#TratamentoTermico #EngenhariaDeSoldagem #ConfiabilidadeIndustrial #PointThermic",api.whatsapp.com,0.05,0,1,0,https://external-fra3-1.xx.fbcdn.net/emg1/v/t13/4449653941144845802?url=https%3A%2F%2Fwww.facebook.com%2Fads%2Fimage%2F%3Fd%3DAQKUxkYXquhswbYvikWP6HYeouma5X_EdeJwVjCJuqQuAddj_XYYMEvf7r7X_RJS7WQ-LdtRZWObHcA9OF6efscxiKLWjgVyN3ugypiwO2hFvcZYq2Fp1q31T1NjFYYQgLFkvHhPvHanQ0jCsILR7NX4&fb_obo=1&utld=facebook.com&_nc_sid=58080a&_nc_ht=external-fra3-1.xx.fbcdn.net&stp=c0.5000x0.5000f_dst-emg0_p1024x1024_q75_tt6&ccb=18-1&_nc_gid=FflKLlkQjX4xqXAna2kElg&edm=AEuWsiQEAAAA&_nc_zt=3&_nc_eui2=AeFB0EWyHqBL6OlbAH9HFO8X-GaS-N_VhwT4ZpL439WHBEZG4rZhsnHWh1ko01GvG42m7IRNRfZWTdbNvvHawAoO&_nc_tpa=Q5bMBQIx9y756IPecjj_KfLP9bT_BvbxSZX7JnqzA1lQdrWpuWB_RK25DSHQt5AMRHdPGG7oS6yH3ezY8Q&oh=06_Q3_DAfwaf4NAXjP_vKs24zYTA9Ja-SodDt3iuYMxv6ZKOoRr&oe=6AB84F8D
V4 I LEADS I Whats App - Tratamento Térmico e Limpeza Química,ADV I TT 7,OUTCOME_ENGAGEMENT,"O tratamento térmico garante a durabilidade e a eficiência dos seus equipamentos, melhorando as propriedades mecânicas dos metais. Trabalhamos com profissionais capacitados e ferramentas de alta tecnologia para garantir eficiência e qualidade em nosso serviço.

Quer saber mais?

➡️ Entre em contato com um de nossos consultores e solicite seu orçamento, acesse o LINK NA BIO.

#PointThermic #TratamentoTérmico #LimpezaQuímica",,7.73,2,324,0.0062,https://scontent-fra5-2.xx.fbcdn.net/v/t15.5256-10/730776239_1582015233600656_6633957152601976041_n.jpg?_nc_cat=107&ccb=1-7&_nc_eui2=AeHsBNHkcLolc6MC-6ZN8KcjsEe-3_KUPlqwR77f8pQ-WjEf2ji8qz2hq5VwUEomPR-fAZ-0FAsw9Zd2qwjPhRUW&_nc_ohc=aq24UKl94TYQ7kNvwHC_bt0&_nc_oc=AdqSmHSt4XHFBUE270Kip1rTYTTm4ixiO8hf_qUsIWVV4ZL5QXStoAB5KUlR7pw0khE&_nc_zt=23&_nc_ht=scontent-fra5-2.xx&edm=AEuWsiQEAAAA&_nc_gid=FflKLlkQjX4xqXAna2kElg&_nc_tpa=Q5bMBQJcKHUtOOhyN5CIy8rocJ64GtF5vdU4k2RHvi-J67uV3I8k25LpX2NdgNujbx9Drm0ELuHuBtqYuA&stp=c0.5000x0.5000f_dst-emg0_p1024x1024_q75_tt6&ur=a7ce7f&_nc_sid=58080a&oh=00_AQI-U9xk4zcYXOGIzUElWnqTXIn8-TiR8F8xvCT1veZ8Rg&oe=6ABC6351
V4 I FORMS I TRATAMENTO TÉRMICO,ADV I Forms 2 I TT 7,OUTCOME_LEADS,"O tratamento térmico garante a durabilidade e a eficiência dos seus equipamentos, melhorando as propriedades mecânicas dos metais. Trabalhamos com profissionais capacitados e ferramentas de alta tecnologia para garantir eficiência e qualidade em nosso serviço.

Quer saber mais?

➡️ Entre em contato com um de nossos consultores e solicite seu orçamento, acesse o LINK NA BIO.

#PointThermic #TratamentoTérmico #LimpezaQuímica",,83.44,22,2204,0.01,https://scontent-fra3-2.xx.fbcdn.net/v/t39.30808-1/665922689_1279329771051434_238460890118765342_n.jpg?_nc_cat=104&ccb=1-7&_nc_eui2=AeFR2JrfuMnJ0Ke7BqlD0z3voNIA5HfgF0Sg0gDkd-AXRMmWQ2-5s7GbUHore0ejjbau2NfiVVsMRQTop1oMOdze&_nc_ohc=N0Tw6ZhptlAQ7kNvwGNbvmA&_nc_oc=Adp1Zt928Yy8aqamwcru5kEUfUwaW5hJi3QW8iWwhxrwBHpzmd596ge5MioTyZ5a7hg&_nc_zt=24&_nc_ht=scontent-fra3-2.xx&edm=AEuWsiQEAAAA&_nc_gid=wqw-IcKqI_1CvXNtWyU-Fw&_nc_tpa=Q5bMBQKJQxnoDP0fq7Ewc8wwXf67O2tiENAWZJj6tIBlEYq7hCIlbQ76XSSaLlfsMserL4QQlzS_xBCgQg&stp=c0.5000x0.5000f_dst-emg0_p1024x1024_q75_tt6&ur=68aae3&_nc_sid=58080a&oh=00_AQLerhJnW3FpXSejgN57Axo1gFzkTz9tUUHXVnXQI_jSIg&oe=6ABC49D2
V4 I FORMS I TRATAMENTO TÉRMICO,ADV I Forms 2 I TT 8,OUTCOME_LEADS,"Nem toda falha começa visível.

Muitas começam em silêncio.

Durante a soldagem, tensões internas se formam no material.

Sem o Tratamento Térmico adequado, essas tensões permanecem e comprometem a estrutura ao longo do tempo.

O Tratamento Térmico da Point Thermic atua exatamente nesse ponto invisível, devolvendo equilíbrio metalúrgico, segurança estrutural e confiabilidade operacional.

Tratamento Térmico não é etapa.
É garantia de integridade.

👉 Converse com a Point Thermic e entenda como o Tratamento Térmico correto protege sua estrutura.

📲 WhatsApp: (11) 93049-1957
☎️ Fixo: (11) 4580-3934

#TratamentoTermico #EngenhariaDeSoldagem #PointThermic",,9.46,1,270,0.0037,https://scontent-fra3-2.xx.fbcdn.net/v/t39.30808-1/665922689_1279329771051434_238460890118765342_n.jpg?_nc_cat=104&ccb=1-7&_nc_eui2=AeFR2JrfuMnJ0Ke7BqlD0z3voNIA5HfgF0Sg0gDkd-AXRMmWQ2-5s7GbUHore0ejjbau2NfiVVsMRQTop1oMOdze&_nc_ohc=N0Tw6ZhptlAQ7kNvwGNbvmA&_nc_oc=Adp1Zt928Yy8aqamwcru5kEUfUwaW5hJi3QW8iWwhxrwBHpzmd596ge5MioTyZ5a7hg&_nc_zt=24&_nc_ht=scontent-fra3-2.xx&edm=AEuWsiQEAAAA&_nc_gid=wqw-IcKqI_1CvXNtWyU-Fw&_nc_tpa=Q5bMBQLM5Ii-V1kKj1vF6MDATdJFa4z9DK0PVCk7g0sBFeSSK-YdwVNkHh0v7y6YqmT4uqRmTl0K3xCxTg&stp=c0.5000x0.5000f_dst-emg0_p1024x1024_q75_tt6&ur=68aae3&_nc_sid=58080a&oh=00_AQL6FQe6lPpbr0YESG1W-MO3TS-tdo-zpH6TFnAoh4A4oQ&oe=6ABC49D2
V4 I FORMS I LIMPEZA QUÍMICA,Forms2 I AD3 - Limpeza Química video,OUTCOME_LEADS,"A limpeza química preventiva pode triplicar a vida útil das tubulações industriais.

Na Point Thermic, tecnologia e precisão se unem para eliminar contaminações que causam falhas prematuras, corrosão e perda de eficiência.

Porque prevenir não é custo, é estratégia. 💡

Fale com nossa equipe e garanta a performance sem interrupções.

📞 (11) 4580-3934

#PointThermic #LimpezaQuímica #PrevençãoIndustrial #Confiabilidade #EficiênciaOperacional",,12.82,4,319,0.0125,https://scontent-fra3-2.xx.fbcdn.net/v/t39.30808-1/665922689_1279329771051434_238460890118765342_n.jpg?_nc_cat=104&ccb=1-7&_nc_eui2=AeFR2JrfuMnJ0Ke7BqlD0z3voNIA5HfgF0Sg0gDkd-AXRMmWQ2-5s7GbUHore0ejjbau2NfiVVsMRQTop1oMOdze&_nc_ohc=N0Tw6ZhptlAQ7kNvwGNbvmA&_nc_oc=Adp1Zt928Yy8aqamwcru5kEUfUwaW5hJi3QW8iWwhxrwBHpzmd596ge5MioTyZ5a7hg&_nc_zt=24&_nc_ht=scontent-fra3-2.xx&edm=AEuWsiQEAAAA&_nc_gid=6ZhQZqMQCMAeJWJ8HPnDKA&_nc_tpa=Q5bMBQL9oMlPw-xzAk1FwJOxdGbsc92X3Ksp9IGmx7vrWN-F5LDMqB88tk2i28AjRa9pjZnMT52bPssQcQ&stp=c0.5000x0.5000f_dst-emg0_p1024x1024_q75_tt6&ur=68aae3&_nc_sid=58080a&oh=00_AQKn18cnAR9kxgu-KbZTgtpmayS-irbnAS-VbU1yYdNViw&oe=6ABC49D2
V4 I FORMS I LIMPEZA QUÍMICA,Forms2 - Limpeza Química Imagem Novo,OUTCOME_LEADS,"Limpeza Química que faz a diferença! Remova incrustações e resíduos, garantindo a máxima eficiência dos seus equipamentos e prolongue a sua vida útil. 
Quer saber mais sobre nossos serviços? Entre em contato com a nossa equipe!

✉️ contato@pointthermic.com.br
📱 11 4580 – 3934

#PointThermic #TratamentoTérmico #LimpezaQuímica #qualidade #confiança", ,122.51,48,3209,0.015,https://scontent-fra3-2.xx.fbcdn.net/v/t39.30808-1/665922689_1279329771051434_238460890118765342_n.jpg?_nc_cat=104&ccb=1-7&_nc_eui2=AeFR2JrfuMnJ0Ke7BqlD0z3voNIA5HfgF0Sg0gDkd-AXRMmWQ2-5s7GbUHore0ejjbau2NfiVVsMRQTop1oMOdze&_nc_ohc=N0Tw6ZhptlAQ7kNvwGNbvmA&_nc_oc=Adp1Zt928Yy8aqamwcru5kEUfUwaW5hJi3QW8iWwhxrwBHpzmd596ge5MioTyZ5a7hg&_nc_zt=24&_nc_ht=scontent-fra3-2.xx&edm=AEuWsiQEAAAA&_nc_gid=6ZhQZqMQCMAeJWJ8HPnDKA&_nc_tpa=Q5bMBQK6gON0sUdlY_t1jiwYdKXpdRudFYEA-D9pi1q3UbXdHa6-QFGFVK7cJ54r3Rq3Ub7oyktxKSjdyA&stp=c0.5000x0.5000f_dst-emg0_p1024x1024_q75_tt6&ur=68aae3&_nc_sid=58080a&oh=00_AQLMAzKtfl0n2VopnoOqzsxfDtENd9tJ7myK_AXPpqzXZQ&oe=6ABC49D2
V4 I LEADS I Whats App - Tratamento Térmico e Limpeza Química,ADV I TT 7,OUTCOME_ENGAGEMENT,"O tratamento térmico garante a durabilidade e a eficiência dos seus equipamentos, melhorando as propriedades mecânicas dos metais. Trabalhamos com profissionais capacitados e ferramentas de alta tecnologia para garantir eficiência e qualidade em nosso serviço.

Quer saber mais?

➡️ Entre em contato com um de nossos consultores e solicite seu orçamento, acesse o LINK NA BIO.

#PointThermic #TratamentoTérmico #LimpezaQuímica",,6,3,256,0.0117,https://scontent-fra5-2.xx.fbcdn.net/v/t15.5256-10/730776239_1582015233600656_6633957152601976041_n.jpg?_nc_cat=107&ccb=1-7&_nc_eui2=AeHsBNHkcLolc6MC-6ZN8KcjsEe-3_KUPlqwR77f8pQ-WjEf2ji8qz2hq5VwUEomPR-fAZ-0FAsw9Zd2qwjPhRUW&_nc_ohc=aq24UKl94TYQ7kNvwHC_bt0&_nc_oc=AdqSmHSt4XHFBUE270Kip1rTYTTm4ixiO8hf_qUsIWVV4ZL5QXStoAB5KUlR7pw0khE&_nc_zt=23&_nc_ht=scontent-fra5-2.xx&edm=AEuWsiQEAAAA&_nc_gid=VU6mjp-pPlhSuLPBlN4zeQ&_nc_tpa=Q5bMBQK3BTA_kMzyDU7X7ezIqn-yIJBohaZrRW1c4iVuOu8g-rxvrIoMysHq3v-keM80lWgsiSBzGvP27g&stp=c0.5000x0.5000f_dst-emg0_p1024x1024_q75_tt6&ur=a7ce7f&_nc_sid=58080a&oh=00_AQKkerYzGuHHOachnA2HiLF-glA7YFOTpSiNhl9GfORXVg&oe=6ABC6351
V4 I LEADS I Whats App - Tratamento Térmico e Limpeza Química,ADE I TT 2,OUTCOME_ENGAGEMENT,"Quando uma estrutura falha, o Tratamento Térmico até pode ter sido feito.
O problema é que, muitas vezes, foi feito do jeito errado.

Subdimensionar o Tratamento Térmico significa aplicar parâmetros inadequados ao material, à espessura ou ao tipo de soldagem.
Isso inclui tempo insuficiente, temperatura fora da faixa correta ou falta de controle no aquecimento e resfriamento.

O resultado não aparece de imediato.
As tensões residuais permanecem no material e evoluem silenciosamente, comprometendo a integridade estrutural ao longo do tempo.

Tratamento Térmico não pode ser tratado como protocolo genérico.
Ele precisa ser dimensionado para cada aplicação.

Fale com a equipe da Point Thermic e verifique se o Tratamento Térmico da sua estrutura foi corretamente dimensionado.

📲 WhatsApp: (11) 93049-1957
☎️ Fixo: (11) 4580-3934
📩 comercial@pointthermic.com.br

#TratamentoTermico #EngenhariaDeSoldagem #ConfiabilidadeIndustrial #PointThermic",api.whatsapp.com,1.56,0,17,0,https://external-fra3-1.xx.fbcdn.net/emg1/v/t13/4449653941144845802?url=https%3A%2F%2Fwww.facebook.com%2Fads%2Fimage%2F%3Fd%3DAQKUxkYXquhswbYvikWP6HYeouma5X_EdeJwVjCJuqQuAddj_XYYMEvf7r7X_RJS7WQ-LdtRZWObHcA9OF6efscxiKLWjgVyN3ugypiwO2hFvcZYq2Fp1q31T1NjFYYQgLFkvHhPvHanQ0jCsILR7NX4&fb_obo=1&utld=facebook.com&_nc_sid=58080a&_nc_ht=external-fra3-1.xx.fbcdn.net&stp=c0.5000x0.5000f_dst-emg0_p1024x1024_q75_tt6&ccb=18-1&_nc_gid=VU6mjp-pPlhSuLPBlN4zeQ&edm=AEuWsiQEAAAA&_nc_zt=3&_nc_eui2=AeFB0EWyHqBL6OlbAH9HFO8X-GaS-N_VhwT4ZpL439WHBEZG4rZhsnHWh1ko01GvG42m7IRNRfZWTdbNvvHawAoO&_nc_tpa=Q5bMBQIOpqHGvEMWQ3QGIKkrpj1goTJVkfQymUeId13KLKyOZ_HOHtMqqB1OQPcHyQCb69ISp0G_Blspgw&oh=06_Q3_DAX2Lfytcel2bpRYj1Iv_rmFOPYVp5JtiDVdLBaDwpA76&oe=6AB84F8D
V4 I LEADS I Whats App - Tratamento Térmico e Limpeza Química,AD1 - LIMPEZA QUÍMICA,OUTCOME_ENGAGEMENT,"Projetos de alta complexidade exigem garantias sólidas. Na Point Thermic, entregamos mais do que limpeza: entregamos conformidade. 📑

Realizamos Limpeza Química Industrial com Laudo Técnico Certificado, atendendo aos setores de Petróleo & Gás, Petroquímica e Metalurgia em todo o Brasil. Segurança absoluta para suas auditorias e máxima eficiência para seus ativos.

Precisa de um orçamento técnico?
👇 Clique abaixo, preencha o formulário e nossa equipe de engenharia entrará em contato.",Converse conosco,38.36,17,1585,0.0107,https://external-fra3-1.xx.fbcdn.net/emg1/v/t13/9752156660258549893?url=https%3A%2F%2Fwww.facebook.com%2Fads%2Fimage%2F%3Fd%3DAQK4DuXE84h8MJfotup2Ko3iBjEQVUNuj587uJpxvSb_gbYfh3HP1malE_N_dfX1tnLpM9XKgPEYCd3x7GS6h8JkMUmvKYgf317yCe2R5xPyfpM4m2Ti5so1nlfth0K9Rbrbw6UoEMjlPlOsRo4OA0Ri&fb_obo=1&utld=facebook.com&_nc_sid=58080a&_nc_ht=external-fra3-1.xx.fbcdn.net&stp=c0.5000x0.5000f_dst-emg0_p1024x1024_q75_tt6&ccb=18-1&_nc_gid=VU6mjp-pPlhSuLPBlN4zeQ&edm=AEuWsiQEAAAA&_nc_zt=3&_nc_eui2=AeHKnSFbznFSLStmI53tAZQyh1-pAPwA7dWHX6kA_ADt1bs590OnJl7hUKSc8lFNjutGTI8mtDNxvg_DTZslEwZR&_nc_tpa=Q5bMBQK5GPK_Qdabk9LJ8BwnpRwllcVAhYx4f0PxGIXUAcDjymMzuv-9jXB56Yz2uVPRgqN7EQIggAOxRg&oh=06_Q3_DAeUCjZ8fEWIfpAvQRyDGIIjh1qgYocDsSfPUSjjcfXz_&oe=6AB8777F
V4 I LEADS I Whats App - Tratamento Térmico e Limpeza Química,AD - TT Estático,OUTCOME_ENGAGEMENT,"Você sabia que o tratamento térmico é indispensável após a soldagem? Esse processo melhora a resistência e a durabilidade das peças, reduzindo tensões internas e prevenindo deformações. 🔧 

Confie na nossa experiência para garantir a qualidade do seu projeto! 💪

Quer saber mais sobre nossos serviços? Entre em contato com a nossa equipe!",Converse conosco,48.39,31,1953,0.0159,https://external-fra3-1.xx.fbcdn.net/emg1/v/t13/14940867684422992745?url=https%3A%2F%2Fwww.facebook.com%2Fads%2Fimage%2F%3Fd%3DAQKxpZJQXL0JZODZgQrw0j5KrQlnTNLx8t4a232oSIEzZwmn7sTNdP8fBMyxRuDe4aYUor0pYl1xz2ZudHpLXAR4J8Wxv4MTFGjv-kabGbQYHkiFTgNZxcJaeQJ9jWBSGvkYsZt3yL65twG9C-pjeOV_&fb_obo=1&utld=facebook.com&_nc_sid=58080a&_nc_ht=external-fra3-1.xx.fbcdn.net&stp=c0.5000x0.5000f_dst-emg0_p1024x1024_q75_tt6&ccb=18-1&_nc_gid=VU6mjp-pPlhSuLPBlN4zeQ&edm=AEuWsiQEAAAA&_nc_zt=3&_nc_eui2=AeFncrosUSa7cutROnhP8MYXD-8-iOsmx_YP7z6I6ybH9qKntuEhA5X4YYWhhLa1HLZ_YL5uR0yGOtijPX0tItSb&_nc_tpa=Q5bMBQL0RVv-0AeyTwbGklQJuWjdM84OUu5arP2rGvgeAlLikaMLgn9YZnZu7fFKKPUG5iDHUzBJetJvMg&oh=06_Q3_DAQBrXruiYThqsI3ACQINPbyt4q8WayFRIphwKdyOlzt_&oe=6AB87F51
V4 I LEADS I Whats App - Tratamento Térmico e Limpeza Química,ADE I TT 4,OUTCOME_ENGAGEMENT,"Você sabia que o tratamento térmico é indispensável após a soldagem? Esse processo melhora a resistência e a durabilidade das peças, reduzindo tensões internas e prevenindo deformações. 🔧 

Confie na nossa experiência para garantir a qualidade do seu projeto! 💪

Quer saber mais sobre nossos serviços? Entre em contato com a nossa equipe! 

✉️ contato@pointthermic.com.br
📱 11 4580 – 3934

#PointThermic #TratamentoTérmico #LimpezaQuímica #qualidade #confiança",api.whatsapp.com,3.07,1,184,0.0054,https://external-fra3-1.xx.fbcdn.net/emg1/v/t13/2348600264394123875?url=https%3A%2F%2Fwww.facebook.com%2Fads%2Fimage%2F%3Fd%3DAQKBJWC8XJWOKgsGgztU5u-toUJC6OgyzeOkTjVwCmyXCTR9qPmpdYQS4fI28tAaiSrD0RZ4oB-PHyTJwhFMEAHe2DWPEWCnVfwHGUwor5KoGAyhMspF9pScGbYigxnVyG_MR5YmLHol5vuT82nUQU5P&fb_obo=1&utld=facebook.com&_nc_sid=58080a&_nc_ht=external-fra3-1.xx.fbcdn.net&stp=c0.5000x0.5000f_dst-emg0_p1024x1024_q75_tt6&ccb=18-1&_nc_gid=VU6mjp-pPlhSuLPBlN4zeQ&edm=AEuWsiQEAAAA&_nc_zt=3&_nc_eui2=AeHkRBR3kzZIjbUuHG7tsmBXhVv0u6BXmfOFW_S7oFeZ8-AWFqDWQ9QDHFo5smXp932-mnxgZudBF1QWbuhTi5U9&_nc_tpa=Q5bMBQJZucFFiKgKwk0C7FHfw61nHs4OqAEJtho194gXoKZTwV06eaPxZ5d0R9lcnpSO03QEsaikt6IylA&oh=06_Q3_DASDU7fjqoig6ZCdFX5GUK7fA3uqHBm9h_c4yXob5st0M&oe=6AB86346
V4 I LEADS I Whats App - Tratamento Térmico e Limpeza Química,AD1 - LIMPEZA QUÍMICA,OUTCOME_ENGAGEMENT,"A continuidade da sua operação não pode parar. A Point Thermic garante a solução.** 🔩

Executamos Tratamento Térmico, Limpeza Química, Flushing e Descontaminação Industrial com Laudo Técnico Certificado, assegurando rastreabilidade, conformidade e segurança para sua operação.

Atendemos indústrias, EPCs e fabricantes dos setores de Óleo & Gás, Petroquímica, Siderurgia, Mineração e Naval em todo o Brasil.

👇 Fale com nossa equipe de engenharia.",ENVIAR MENSAGEM,69.49,139,16127,0.0086,https://external-fra3-1.xx.fbcdn.net/emg1/v/t13/11300968228193916021?url=https%3A%2F%2Fwww.facebook.com%2Fads%2Fimage%2F%3Fd%3DAQJaI8zyN7oLVQ9oS_3Vv0HLlKQgdPjxRDDbQTtNiw2zIRpRxIN9ZhXAVYjrmUJcakO--rqT_1ZjXCiSIVRm7uxcvtPssSXfKageT2mC2s4dVJRqfX2Hi38WmXth23C14JGbs0h0C6BQGRkJE_vimCHo&fb_obo=1&utld=facebook.com&_nc_sid=58080a&_nc_ht=external-fra3-1.xx.fbcdn.net&stp=c0.5000x0.5000f_dst-emg0_p1024x1024_q75_tt6&ccb=18-1&_nc_gid=9sRujTKzVe0xQqkZSWAR_A&edm=AEuWsiQEAAAA&_nc_zt=3&_nc_eui2=AeHzTooCztRhYC0yV6y7Z60clriiYSZqVZqWuKJhJmpVmrLs1AF5mjMvzV6HL3EZeINwNFrYw-t-83JaSbT5OgUy&_nc_tpa=Q5bMBQIQEI9otWDHxQ4m4AnZGlqhR8b90d19j8-UTAeWg5D1Rf4H76eibGXmyViIl3eJoz3vVM1mj-6OhA&oh=06_Q3_DAVo-YIpDURO3FMO0btA75DaE8t8dP_uJEYRC4X7ApUm2&oe=6AB85DE4
V4 I LEADS I Whats App - Tratamento Térmico e Limpeza Química,AD1 - TRATAMENTO TÉRMICO,OUTCOME_ENGAGEMENT,"A continuidade da sua operação não pode parar. A Point Thermic garante a solução.** 🔩

Executamos Tratamento Térmico, Limpeza Química, Flushing e Descontaminação Industrial com Laudo Técnico Certificado, assegurando rastreabilidade, conformidade e segurança para sua operação.

Atendemos indústrias, EPCs e fabricantes dos setores de Óleo & Gás, Petroquímica, Siderurgia, Mineração e Naval em todo o Brasil.

👇 Fale com nossa equipe de engenharia.",ENVIAR MENSAGEM,23.78,21,1347,0.0156,https://scontent-fra5-2.xx.fbcdn.net/v/t45.1600-4/686438000_2364569937385295_7722689870847688816_n.jpg?_nc_cat=107&ccb=1-7&_nc_eui2=AeGjcV4DH4UuPFwLsBsavTnhsJtz3AWO2Tawm3PcBY7ZNskwgtvfXVwRSU1b8HMWWxfd0HrMos_vRUtGyE8Fn7pH&_nc_ohc=2ulgymvaT-IQ7kNvwHzQYTA&_nc_oc=AdoU-M1dIn0iH1L_Byu43twMdMtScL7Ss8LNmgE-Ucg6aV_fHh92kXd59LEfGZnioIA&_nc_zt=1&_nc_ht=scontent-fra5-2.xx&edm=AEuWsiQEAAAA&_nc_gid=gK-JgDHAHg__btjxkM1EVw&_nc_tpa=Q5bMBQK-F2Ka4xgvQJxFBAud3A9Jthu_4bzkixhfvWkNXTfQlF4PZh4BmslNhwh7zz-a4h_8tQu5IolEeg&stp=c0.5000x0.5000f_dst-emg0_p1024x1024_q75_tt6&ur=52f3c4&_nc_sid=58080a&oh=00_AQLIXZ7Z27dIzJVqMF2Il23dtSy-T9rqAmoFhxyOaxd2Jw&oe=6ABC5944
V4][ FORM][ LIMPEZA QUIMICA,IM T.T 01,OUTCOME_LEADS,"Seu projeto não pode parar por falta de um parceiro técnico confiável. 🔩

Seja com a planta em operação, um projeto em andamento, equipamentos em fabricação ou durante uma parada programada, a Point Thermic entrega soluções com segurança, qualidade e total conformidade técnica.

Realizamos Tratamento Térmico, Limpeza Química, Flushing e Descontaminação Industrial, com Laudo Técnico Certificado, garantindo documentação completa, rastreabilidade e conformidade para auditorias e exigências normativas.

Atendemos indústrias, empresas de engenharia, EPCs e fabricantes de equipamentos dos setores de Óleo & Gás, Petroquímica, Siderurgia, Mineração e Naval, em todo o Brasil.

Onde houver uma operação que exige confiabilidade, desempenho e garantia técnica, a Point Thermic está pronta para atender.

👇 Preencha o formulário e fale com nossa equipe de engenharia.",ENTRE EM CONTATO,28.59,23,1169,0.0197,https://scontent-fra3-2.xx.fbcdn.net/v/t39.30808-1/665922689_1279329771051434_238460890118765342_n.jpg?_nc_cat=104&ccb=1-7&_nc_eui2=AeFR2JrfuMnJ0Ke7BqlD0z3voNIA5HfgF0Sg0gDkd-AXRMmWQ2-5s7GbUHore0ejjbau2NfiVVsMRQTop1oMOdze&_nc_ohc=N0Tw6ZhptlAQ7kNvwGNbvmA&_nc_oc=Adp1Zt928Yy8aqamwcru5kEUfUwaW5hJi3QW8iWwhxrwBHpzmd596ge5MioTyZ5a7hg&_nc_zt=24&_nc_ht=scontent-fra3-2.xx&edm=AEuWsiQEAAAA&_nc_gid=y5e7TwPgfUrzb-2T4fJAKQ&_nc_tpa=Q5bMBQLOSAo2Hbh-TlIfthHbPbhFBo3oXsr5sS-qH7yHluFkM4qdjwmEOhqtVkDyTWbqaobFE3H41Y-_rg&stp=c0.5000x0.5000f_dst-emg0_p1024x1024_q75_tt6&ur=68aae3&_nc_sid=58080a&oh=00_AQJKIgiourezTAqHgRc2RAoysQZplKdyvJgm0tYmGNBOMA&oe=6ABC49D2
V4][ FORM][ LIMPEZA QUIMICA,IM Limpeza Química 01,OUTCOME_LEADS,"Seu projeto não pode parar por falta de um parceiro técnico confiável. 🔩

Seja com a planta em operação, um projeto em andamento, equipamentos em fabricação ou durante uma parada programada, a Point Thermic entrega soluções com segurança, qualidade e total conformidade técnica.

Realizamos Tratamento Térmico, Limpeza Química, Flushing e Descontaminação Industrial, com Laudo Técnico Certificado, garantindo documentação completa, rastreabilidade e conformidade para auditorias e exigências normativas.

Atendemos indústrias, empresas de engenharia, EPCs e fabricantes de equipamentos dos setores de Óleo & Gás, Petroquímica, Siderurgia, Mineração e Naval, em todo o Brasil.

Onde houver uma operação que exige confiabilidade, desempenho e garantia técnica, a Point Thermic está pronta para atender.

👇 Preencha o formulário e fale com nossa equipe de engenharia.",ENTRE EM CONTATO,3.2,3,134,0.0224,https://scontent-fra3-2.xx.fbcdn.net/v/t39.30808-1/665922689_1279329771051434_238460890118765342_n.jpg?_nc_cat=104&ccb=1-7&_nc_eui2=AeFR2JrfuMnJ0Ke7BqlD0z3voNIA5HfgF0Sg0gDkd-AXRMmWQ2-5s7GbUHore0ejjbau2NfiVVsMRQTop1oMOdze&_nc_ohc=N0Tw6ZhptlAQ7kNvwGNbvmA&_nc_oc=Adp1Zt928Yy8aqamwcru5kEUfUwaW5hJi3QW8iWwhxrwBHpzmd596ge5MioTyZ5a7hg&_nc_zt=24&_nc_ht=scontent-fra3-2.xx&edm=AEuWsiQEAAAA&_nc_gid=ZirYBw1klVoKQofoLLDB-w&_nc_tpa=Q5bMBQJTMEdhWmIJRnkujN8grxx3NPFWYZv19b0b-AA4rv0AcAI3YlOi4qJdX4PLqtyVhI2-jy78ecum1w&stp=c0.5000x0.5000f_dst-emg0_p1024x1024_q75_tt6&ur=68aae3&_nc_sid=58080a&oh=00_AQI0pvJtL2w8xiX0QPm-3lf0B1ZvcZN2ykBuosV0fkvAdg&oe=6ABC49D2
V4][ FORM][ LIMPEZA QUIMICA,IM Limpeza Química 02,OUTCOME_LEADS,"Seu projeto não pode parar por falta de um parceiro técnico confiável. 🔩

Seja com a planta em operação, um projeto em andamento, equipamentos em fabricação ou durante uma parada programada, a Point Thermic entrega soluções com segurança, qualidade e total conformidade técnica.

Realizamos Tratamento Térmico, Limpeza Química, Flushing e Descontaminação Industrial, com Laudo Técnico Certificado, garantindo documentação completa, rastreabilidade e conformidade para auditorias e exigências normativas.

Atendemos indústrias, empresas de engenharia, EPCs e fabricantes de equipamentos dos setores de Óleo & Gás, Petroquímica, Siderurgia, Mineração e Naval, em todo o Brasil.

Onde houver uma operação que exige confiabilidade, desempenho e garantia técnica, a Point Thermic está pronta para atender.

👇 Preencha o formulário e fale com nossa equipe de engenharia.",ENTRE EM CONTATO,156.83,86,5700,0.0151,https://scontent-fra5-2.xx.fbcdn.net/v/t45.1600-4/684265130_2360235274485428_5784917782212464763_n.png?_nc_cat=109&ccb=1-7&_nc_eui2=AeFCg2bWsGcpiWS32rgzOqYlIfrY19crCIsh-tjX1ysIi5dacGhfvAB0AeJAAMqrIFXRTPvbxycsc3AeicYuUgdD&_nc_ohc=wccqRbKGBv4Q7kNvwEoHf-E&_nc_oc=Adqv9f1jBwG0KbkUAolmfYEwn6XbbLQqg88Iald9x34UoezGJYMxicWnnfjIYcx_qb0&_nc_zt=1&_nc_ht=scontent-fra5-2.xx&edm=AEuWsiQEAAAA&_nc_gid=ZirYBw1klVoKQofoLLDB-w&_nc_tpa=Q5bMBQJPHCJ79eDwmlB0L4WnMz_aJ4hQYgWDCkyLdouBS3-6445DglZMrAfZ3pk66fCpO3hHKyP7tF8TjQ&stp=c0.5000x0.5000f_dst-emg0_p1024x1024_q75_tt6&ur=52f3c4&_nc_sid=58080a&oh=00_AQJ0gDxXa_MLzHbFnArxBIwHZ1NUWqWtzrcaHIHASVwAEg&oe=6ABC64DE
V4][ FORM][ LIMPEZA QUIMICA,IM 06/SM,OUTCOME_LEADS,"Seu projeto não pode parar por falta de um parceiro técnico confiável. 🔩

Realizamos Tratamento Térmico, Limpeza Química, Flushing e Descontaminação Industrial, com Laudo Técnico Certificado, garantindo documentação completa, rastreabilidade e conformidade para auditorias e exigências normativas.

Atendemos indústrias, empresas de engenharia, EPCs e fabricantes de equipamentos dos setores de Óleo & Gás, Petroquímica, Siderurgia, Mineração e Naval, em todo o Brasil.

Onde houver uma operação que exige confiabilidade, desempenho e garantia técnica, a Point Thermic está pronta para atender.

👇 Preencha o formulário e fale com nossa equipe de engenharia.",ENTRE EM CONTATO,274.64,302,17726,0.017,https://scontent-fra5-1.xx.fbcdn.net/v/t45.1600-4/753299349_4736266969942919_4915239198623902236_n.png?_nc_cat=110&ccb=1-7&_nc_eui2=AeF4KoHuXWox8Tk0vmirj8i6523DKWVJh-LnbcMpZUmH4pMaYqrwB_Q9pYdrT8tGWYbIcN7FPZXgMwDkWeWaIXKL&_nc_ohc=vGlEBg7j7msQ7kNvwFGFpnI&_nc_oc=Adr3ORM0Z8yiVcQ3fN1_jt6_MJzwwUS4KdPCmMBKcmD-FH4MpIoykP-b_RJW4dekvkA&_nc_zt=1&_nc_ht=scontent-fra5-1.xx&edm=AEuWsiQEAAAA&_nc_gid=ZirYBw1klVoKQofoLLDB-w&_nc_tpa=Q5bMBQIcYRSPkoLH8JWmT9Ljnm6mKukcss_4ljS1YwCpWZnUfP5jAF8xHSiKle9SsyAFZHTHkyczXwF9Rg&stp=c0.5000x0.5000f_dst-emg0_p1024x1024_q75_tt6&ur=52f3c4&_nc_sid=58080a&oh=00_AQIAHKldgKhtVxfKYddOUlLnOKxmKP4H3sz06bDJe1znzg&oe=6ABC511D
V4][ FORM][ LIMPEZA QUIMICA,IM 05 /SM,OUTCOME_LEADS,"Seu projeto não pode parar por falta de um parceiro técnico confiável. 🔩

Realizamos Tratamento Térmico, Limpeza Química, Flushing e Descontaminação Industrial, com Laudo Técnico Certificado, garantindo documentação completa, rastreabilidade e conformidade para auditorias e exigências normativas.

Atendemos indústrias, empresas de engenharia, EPCs e fabricantes de equipamentos dos setores de Óleo & Gás, Petroquímica, Siderurgia, Mineração e Naval, em todo o Brasil.

Onde houver uma operação que exige confiabilidade, desempenho e garantia técnica, a Point Thermic está pronta para atender.

👇 Preencha o formulário e fale com nossa equipe de engenharia.",ENTRE EM CONTATO,7.27,8,331,0.0242,https://scontent-fra5-2.xx.fbcdn.net/v/t45.1600-4/753381876_4736266946609588_8654026257258538184_n.png?_nc_cat=109&ccb=1-7&_nc_eui2=AeEXaumq79_jYjhPzl1QvjTmuP_blZZJh7K4_9uVlkmHsj7Lqp8WwpPLZxNbfKK_rwn5lN4brPzguXRe-w9Q58Ru&_nc_ohc=0c20QEd2cQMQ7kNvwGWtou0&_nc_oc=Adqk63r-7qdf9flu5yN49oc5xJIvTn9lc5R6Jcz7RPChbiywDZ7CYq20IkBvSRSI6ho&_nc_zt=1&_nc_ht=scontent-fra5-2.xx&edm=AEuWsiQEAAAA&_nc_gid=ZirYBw1klVoKQofoLLDB-w&_nc_tpa=Q5bMBQL-nu9Bw3YtBZuo02HHb46s32_x59UNRVhr4riOW0FPZFGFH39mxoBPhxfK7WiUYJmJEA1q5b8yOg&stp=c0.5000x0.5000f_dst-emg0_p1024x1024_q75_tt6&ur=52f3c4&_nc_sid=58080a&oh=00_AQLqIrv4UvIZ3sNv3pNCdZdXiK5m5_rLkeik1DQMW9d6Bg&oe=6ABC7153
V4][ FORM][ LIMPEZA QUIMICA,IM 04/SM,OUTCOME_LEADS,"Seu projeto não pode parar por falta de um parceiro técnico confiável. 🔩

Realizamos Tratamento Térmico, Limpeza Química, Flushing e Descontaminação Industrial, com Laudo Técnico Certificado, garantindo documentação completa, rastreabilidade e conformidade para auditorias e exigências normativas.

Atendemos indústrias, empresas de engenharia, EPCs e fabricantes de equipamentos dos setores de Óleo & Gás, Petroquímica, Siderurgia, Mineração e Naval, em todo o Brasil.

Onde houver uma operação que exige confiabilidade, desempenho e garantia técnica, a Point Thermic está pronta para atender.

👇 Preencha o formulário e fale com nossa equipe de engenharia.",ENTRE EM CONTATO,14.85,14,744,0.0188,https://scontent-fra3-1.xx.fbcdn.net/v/t45.1600-4/753671314_4736266989942917_7500271635634850856_n.png?_nc_cat=103&ccb=1-7&_nc_eui2=AeFKLUFDLC1ZGdf3f-VYH5-IqWcaq1cf6wmpZxqrVx_rCZN3AJHoQWBgZGTyxB8DTkj3Rt1CJSyzA_QrSgNc9YSd&_nc_ohc=oEKAoKhYkJUQ7kNvwFy7Rsa&_nc_oc=AdoTOk2xcAtODVNNdzsSfUEGBP8gZA6Cf_mFgt5OoNPRLvRtqnt-1C6q49SRSnJxmjE&_nc_zt=1&_nc_ht=scontent-fra3-1.xx&edm=AEuWsiQEAAAA&_nc_gid=ZirYBw1klVoKQofoLLDB-w&_nc_tpa=Q5bMBQI95d6Jdc_ovEQeWMSiqTvofOWUzQI8sUc_Az1bUDmZK-svI_X2SCuB9IQIxwExEnOCOKZj33bLrA&stp=c0.5000x0.5000f_dst-emg0_p1024x1024_q75_tt6&ur=52f3c4&_nc_sid=58080a&oh=00_AQKaa_wpW0Atme_tO6SuJR3XBPE2UyMo0retIIMr5BuLpQ&oe=6ABC62A6
V4][ FORM][ T.T,IM T.T 01,OUTCOME_LEADS,"Seu projeto não pode parar por falta de um parceiro técnico confiável. 🔩

Seja com a planta em operação, um projeto em andamento, equipamentos em fabricação ou durante uma parada programada, a Point Thermic entrega soluções com segurança, qualidade e total conformidade técnica.

Realizamos Tratamento Térmico, Limpeza Química, Flushing e Descontaminação Industrial, com Laudo Técnico Certificado, garantindo documentação completa, rastreabilidade e conformidade para auditorias e exigências normativas.

Atendemos indústrias, empresas de engenharia, EPCs e fabricantes de equipamentos dos setores de Óleo & Gás, Petroquímica, Siderurgia, Mineração e Naval, em todo o Brasil.

Onde houver uma operação que exige confiabilidade, desempenho e garantia técnica, a Point Thermic está pronta para atender.

👇 Preencha o formulário e fale com nossa equipe de engenharia.",ENTRE EM CONTATO,350.91,239,16322,0.0146,https://scontent-fra3-1.xx.fbcdn.net/v/t45.1600-4/750035962_4736266986609584_3290104232839997341_n.png?_nc_cat=101&ccb=1-7&_nc_eui2=AeFEby6m9PBfZF6lrB82lmOwDqdZg7XF418Op1mDtcXjX0VePMjVEIp__kx-4IWCRY5Qq6f7z_R_5vWcfLo-OS59&_nc_ohc=UmZdSSXlV0IQ7kNvwHDPoYu&_nc_oc=AdoehBFbFvf13fnsIFPRi6cUdXDxR5FVqKIBi-2Dn1xggKBuKadGkTn3KEpXovQFv3w&_nc_zt=1&_nc_ht=scontent-fra3-1.xx&edm=AEuWsiQEAAAA&_nc_gid=gC1kWQ2SZBPCO8Z0dDaKqw&_nc_tpa=Q5bMBQJWKox0dkKvn4AJkNr4RvdZEh4DOYU6shgCMdF4rthA99H834JT40ElxrCPjZo2d-aqpVDNh5Ia5Q&stp=c0.5000x0.5000f_dst-emg0_p1024x1024_q75_tt6&ur=52f3c4&_nc_sid=58080a&oh=00_AQJMToLar7FNzykKUkiA49Qz48pOcotMXxqMQhsukVT3lg&oe=6ABC5226
V4][ FORM][ T.T,IM T.T 02,OUTCOME_LEADS,"Seu projeto não pode parar por falta de um parceiro técnico confiável. 🔩

Seja com a planta em operação, um projeto em andamento, equipamentos em fabricação ou durante uma parada programada, a Point Thermic entrega soluções com segurança, qualidade e total conformidade técnica.

Realizamos Tratamento Térmico, Limpeza Química, Flushing e Descontaminação Industrial, com Laudo Técnico Certificado, garantindo documentação completa, rastreabilidade e conformidade para auditorias e exigências normativas.

Atendemos indústrias, empresas de engenharia, EPCs e fabricantes de equipamentos dos setores de Óleo & Gás, Petroquímica, Siderurgia, Mineração e Naval, em todo o Brasil.

Onde houver uma operação que exige confiabilidade, desempenho e garantia técnica, a Point Thermic está pronta para atender.

👇 Preencha o formulário e fale com nossa equipe de engenharia.",ENTRE EM CONTATO,2.76,0,125,0,https://scontent-fra3-2.xx.fbcdn.net/v/t45.1600-4/750873700_4736266999942916_1346996309741729761_n.png?_nc_cat=111&ccb=1-7&_nc_eui2=AeEBzIvCOt4U8qNWR_emb_nuSasyBCqynk5JqzIEKrKeTnxuJFXF9g14YLuDWEwWdiJ1ZyFRDEevkJK4E07vD1a9&_nc_ohc=W2LxBVOdxgEQ7kNvwFuz6oj&_nc_oc=AdrmQYy9WTh6H3PGaBey_T7K2Onh2zUQl-Jnbf2fLYEM289dCoAhpqx6b_nOfnEVooM&_nc_zt=1&_nc_ht=scontent-fra3-2.xx&edm=AEuWsiQEAAAA&_nc_gid=gC1kWQ2SZBPCO8Z0dDaKqw&_nc_tpa=Q5bMBQIq9ult1rOiZ0ez7dcq5ZS6WR527ByjRmIHQltT0yWgEI9CB6VQEipG-kWtk6ZBu0z-f7nQm6cbdA&stp=c0.5000x0.5000f_dst-emg0_p1024x1024_q75_tt6&ur=52f3c4&_nc_sid=58080a&oh=00_AQLjpzt1YcSCyl_bf7WesaUy0BH32b19LeDyUrmI4HdRBQ&oe=6ABC703E
V4][ FORM][ T.T,IM T.T 03,OUTCOME_LEADS,"Seu projeto não pode parar por falta de um parceiro técnico confiável. 🔩

Seja com a planta em operação, um projeto em andamento, equipamentos em fabricação ou durante uma parada programada, a Point Thermic entrega soluções com segurança, qualidade e total conformidade técnica.

Realizamos Tratamento Térmico, Limpeza Química, Flushing e Descontaminação Industrial, com Laudo Técnico Certificado, garantindo documentação completa, rastreabilidade e conformidade para auditorias e exigências normativas.

Atendemos indústrias, empresas de engenharia, EPCs e fabricantes de equipamentos dos setores de Óleo & Gás, Petroquímica, Siderurgia, Mineração e Naval, em todo o Brasil.

Onde houver uma operação que exige confiabilidade, desempenho e garantia técnica, a Point Thermic está pronta para atender.

👇 Preencha o formulário e fale com nossa equipe de engenharia.",ENTRE EM CONTATO,11.95,6,466,0.0129,https://scontent-fra5-2.xx.fbcdn.net/v/t45.1600-4/752929592_4736268963276053_8589021233421690646_n.png?_nc_cat=106&ccb=1-7&_nc_eui2=AeGY-ZAt5g2fE-bMk95WvVtg-ze0ZlpH8Zn7N7RmWkfxmYAxRN36rIULymK9Hf-hb9vapZmNuYuNv0428Im2he1u&_nc_ohc=VJGbVjaaBTwQ7kNvwFIMyZM&_nc_oc=AdrxU0VMpO3zb-xOGDMCK08P_u99oWUf8iz850s8kNWw7r1m7pNmkfyAKfztO1wa73g&_nc_zt=1&_nc_ht=scontent-fra5-2.xx&edm=AEuWsiQEAAAA&_nc_gid=gC1kWQ2SZBPCO8Z0dDaKqw&_nc_tpa=Q5bMBQIAxx5J5lTAs4RfgXdrQnhDuvx_1Y1nOWmKbhfk84v10iPn9dqapKVybMxwL72TVLBXl4vQFzLmcw&stp=c0.5000x0.5000f_dst-emg0_p1024x1024_q75_tt6&ur=52f3c4&_nc_sid=58080a&oh=00_AQIfnAxF2g14u_AxdC7oIx5tSqzp5rt6qj7-J_k64eVKuw&oe=6ABC4FC9
V4][ FORM][ T.T,IM T.T 03,OUTCOME_LEADS,"Seu projeto não pode parar por falta de um parceiro técnico confiável. 🔩

Seja com a planta em operação, um projeto em andamento, equipamentos em fabricação ou durante uma parada programada, a Point Thermic entrega soluções com segurança, qualidade e total conformidade técnica.

Realizamos Tratamento Térmico, Limpeza Química, Flushing e Descontaminação Industrial, com Laudo Técnico Certificado, garantindo documentação completa, rastreabilidade e conformidade para auditorias e exigências normativas.

Atendemos indústrias, empresas de engenharia, EPCs e fabricantes de equipamentos dos setores de Óleo & Gás, Petroquímica, Siderurgia, Mineração e Naval, em todo o Brasil.

Onde houver uma operação que exige confiabilidade, desempenho e garantia técnica, a Point Thermic está pronta para atender.

👇 Preencha o formulário e fale com nossa equipe de engenharia.",ENTRE EM CONTATO,6.92,2,266,0.0075,https://scontent-fra5-2.xx.fbcdn.net/v/t45.1600-4/752929592_4736268963276053_8589021233421690646_n.png?_nc_cat=106&ccb=1-7&_nc_eui2=AeGY-ZAt5g2fE-bMk95WvVtg-ze0ZlpH8Zn7N7RmWkfxmYAxRN36rIULymK9Hf-hb9vapZmNuYuNv0428Im2he1u&_nc_ohc=VJGbVjaaBTwQ7kNvwFIMyZM&_nc_oc=AdrxU0VMpO3zb-xOGDMCK08P_u99oWUf8iz850s8kNWw7r1m7pNmkfyAKfztO1wa73g&_nc_zt=1&_nc_ht=scontent-fra5-2.xx&edm=AEuWsiQEAAAA&_nc_gid=Ebx83afYJCecWWXletnfSw&_nc_tpa=Q5bMBQLCBImlXvNn3kR-D3eFHZWnCZCcg20CCyG92PyV0OfDfhbPKfqCaO7VXwj8CSW5Y7Fi0M8k2Mo7dw&stp=c0.5000x0.5000f_dst-emg0_p1024x1024_q75_tt6&ur=52f3c4&_nc_sid=58080a&oh=00_AQIXzsEUWTqNhOiFdeQUG5gtN5CwJqSWJsaSPe_RzaUGTA&oe=6ABC4FC9
V4][ FORM][ T.T,IM T.T 02,OUTCOME_LEADS,"Seu projeto não pode parar por falta de um parceiro técnico confiável. 🔩

Seja com a planta em operação, um projeto em andamento, equipamentos em fabricação ou durante uma parada programada, a Point Thermic entrega soluções com segurança, qualidade e total conformidade técnica.

Realizamos Tratamento Térmico, Limpeza Química, Flushing e Descontaminação Industrial, com Laudo Técnico Certificado, garantindo documentação completa, rastreabilidade e conformidade para auditorias e exigências normativas.

Atendemos indústrias, empresas de engenharia, EPCs e fabricantes de equipamentos dos setores de Óleo & Gás, Petroquímica, Siderurgia, Mineração e Naval, em todo o Brasil.

Onde houver uma operação que exige confiabilidade, desempenho e garantia técnica, a Point Thermic está pronta para atender.

👇 Preencha o formulário e fale com nossa equipe de engenharia.",ENTRE EM CONTATO,0.11,0,5,0,https://scontent-fra3-2.xx.fbcdn.net/v/t45.1600-4/750873700_4736266999942916_1346996309741729761_n.png?_nc_cat=111&ccb=1-7&_nc_eui2=AeEBzIvCOt4U8qNWR_emb_nuSasyBCqynk5JqzIEKrKeTnxuJFXF9g14YLuDWEwWdiJ1ZyFRDEevkJK4E07vD1a9&_nc_ohc=W2LxBVOdxgEQ7kNvwFuz6oj&_nc_oc=AdrmQYy9WTh6H3PGaBey_T7K2Onh2zUQl-Jnbf2fLYEM289dCoAhpqx6b_nOfnEVooM&_nc_zt=1&_nc_ht=scontent-fra3-2.xx&edm=AEuWsiQEAAAA&_nc_gid=Ebx83afYJCecWWXletnfSw&_nc_tpa=Q5bMBQKgK7oUqV5w1z_lz5g-E94efyqztogeFfZ52xHwW9ELg0vpUuLxVmbxL8nzheDONIWEXJKtGivERA&stp=c0.5000x0.5000f_dst-emg0_p1024x1024_q75_tt6&ur=52f3c4&_nc_sid=58080a&oh=00_AQKaty2WQ3tLVotsF0rHn2PN13-WST557Ap_yNykDFBpgA&oe=6ABC703E
V4][ FORM][ LIMPEZA QUIMICA,IM 04/SM,OUTCOME_LEADS,"Seu projeto não pode parar por falta de um parceiro técnico confiável. 🔩

Realizamos Tratamento Térmico, Limpeza Química, Flushing e Descontaminação Industrial, com Laudo Técnico Certificado, garantindo documentação completa, rastreabilidade e conformidade para auditorias e exigências normativas.

Atendemos indústrias, empresas de engenharia, EPCs e fabricantes de equipamentos dos setores de Óleo & Gás, Petroquímica, Siderurgia, Mineração e Naval, em todo o Brasil.

Onde houver uma operação que exige confiabilidade, desempenho e garantia técnica, a Point Thermic está pronta para atender.

👇 Preencha o formulário e fale com nossa equipe de engenharia.",ENTRE EM CONTATO,67.83,85,5817,0.0146,https://scontent-fra3-1.xx.fbcdn.net/v/t45.1600-4/753671314_4736266989942917_7500271635634850856_n.png?_nc_cat=103&ccb=1-7&_nc_eui2=AeFKLUFDLC1ZGdf3f-VYH5-IqWcaq1cf6wmpZxqrVx_rCZN3AJHoQWBgZGTyxB8DTkj3Rt1CJSyzA_QrSgNc9YSd&_nc_ohc=oEKAoKhYkJUQ7kNvwFy7Rsa&_nc_oc=AdoTOk2xcAtODVNNdzsSfUEGBP8gZA6Cf_mFgt5OoNPRLvRtqnt-1C6q49SRSnJxmjE&_nc_zt=1&_nc_ht=scontent-fra3-1.xx&edm=AEuWsiQEAAAA&_nc_gid=0QZIdD4JipvMii8QUbDjUg&_nc_tpa=Q5bMBQKQS3Gu6nUtxFrY60f-il8QuiqbhJ4Z7sJ8q6zImPn_JURzbVI3NNTk_i8GETteR5iEhQfn_T2ASw&stp=c0.5000x0.5000f_dst-emg0_p1024x1024_q75_tt6&ur=52f3c4&_nc_sid=58080a&oh=00_AQI27fhkwxtU31rsYk03x7AWCnMdJnEF2xKggbvy_XFsWw&oe=6ABC62A6
V4][ FORM][ LIMPEZA QUIMICA,IM 05 /SM,OUTCOME_LEADS,"Seu projeto não pode parar por falta de um parceiro técnico confiável. 🔩

Realizamos Tratamento Térmico, Limpeza Química, Flushing e Descontaminação Industrial, com Laudo Técnico Certificado, garantindo documentação completa, rastreabilidade e conformidade para auditorias e exigências normativas.

Atendemos indústrias, empresas de engenharia, EPCs e fabricantes de equipamentos dos setores de Óleo & Gás, Petroquímica, Siderurgia, Mineração e Naval, em todo o Brasil.

Onde houver uma operação que exige confiabilidade, desempenho e garantia técnica, a Point Thermic está pronta para atender.

👇 Preencha o formulário e fale com nossa equipe de engenharia.",ENTRE EM CONTATO,2.05,1,123,0.0081,https://scontent-fra5-2.xx.fbcdn.net/v/t45.1600-4/753381876_4736266946609588_8654026257258538184_n.png?_nc_cat=109&ccb=1-7&_nc_eui2=AeEXaumq79_jYjhPzl1QvjTmuP_blZZJh7K4_9uVlkmHsj7Lqp8WwpPLZxNbfKK_rwn5lN4brPzguXRe-w9Q58Ru&_nc_ohc=0c20QEd2cQMQ7kNvwGWtou0&_nc_oc=Adqk63r-7qdf9flu5yN49oc5xJIvTn9lc5R6Jcz7RPChbiywDZ7CYq20IkBvSRSI6ho&_nc_zt=1&_nc_ht=scontent-fra5-2.xx&edm=AEuWsiQEAAAA&_nc_gid=0QZIdD4JipvMii8QUbDjUg&_nc_tpa=Q5bMBQIsGvYA-CUJ-en-WHFa0BGkKW9XikKQIrMqRe3YeR4ZysnN1Z8dfRWXBj2p4VERnXl8ie9JyUk3NQ&stp=c0.5000x0.5000f_dst-emg0_p1024x1024_q75_tt6&ur=52f3c4&_nc_sid=58080a&oh=00_AQKfHzflBrxDr9XkVd9qwswupIv4ruLEeNO1F7GD1KcwqQ&oe=6ABC7153
V4][ FORM][ T.T,IM T.T 01,OUTCOME_LEADS,"Seu projeto não pode parar por falta de um parceiro técnico confiável. 🔩

Seja com a planta em operação, um projeto em andamento, equipamentos em fabricação ou durante uma parada programada, a Point Thermic entrega soluções com segurança, qualidade e total conformidade técnica.

Realizamos Tratamento Térmico, Limpeza Química, Flushing e Descontaminação Industrial, com Laudo Técnico Certificado, garantindo documentação completa, rastreabilidade e conformidade para auditorias e exigências normativas.

Atendemos indústrias, empresas de engenharia, EPCs e fabricantes de equipamentos dos setores de Óleo & Gás, Petroquímica, Siderurgia, Mineração e Naval, em todo o Brasil.

Onde houver uma operação que exige confiabilidade, desempenho e garantia técnica, a Point Thermic está pronta para atender.

👇 Preencha o formulário e fale com nossa equipe de engenharia.",ENTRE EM CONTATO,13.74,19,544,0.0349,https://scontent-fra3-1.xx.fbcdn.net/v/t45.1600-4/750035962_4736266986609584_3290104232839997341_n.png?_nc_cat=101&ccb=1-7&_nc_eui2=AeFEby6m9PBfZF6lrB82lmOwDqdZg7XF418Op1mDtcXjX0VePMjVEIp__kx-4IWCRY5Qq6f7z_R_5vWcfLo-OS59&_nc_ohc=UmZdSSXlV0IQ7kNvwHDPoYu&_nc_oc=AdoehBFbFvf13fnsIFPRi6cUdXDxR5FVqKIBi-2Dn1xggKBuKadGkTn3KEpXovQFv3w&_nc_zt=1&_nc_ht=scontent-fra3-1.xx&edm=AEuWsiQEAAAA&_nc_gid=EqwzgnM9B6z-IfIUG5FagA&_nc_tpa=Q5bMBQJxbcmemmZI9WNvBO81JpkvzmOEbmC2kllmRUwNPi4kgV_sz4QQoRhLpsO-38cBHsE138ityDN2VQ&stp=c0.5000x0.5000f_dst-emg0_p1024x1024_q75_tt6&ur=52f3c4&_nc_sid=58080a&oh=00_AQKjkJo3AG7W9A-jHebEfUDx0xOa-HcfK0ep8I7bqZIV_w&oe=6ABC5226
V4][ FORM][ T.T,IM T.T 02,OUTCOME_LEADS,"Seu projeto não pode parar por falta de um parceiro técnico confiável. 🔩

Seja com a planta em operação, um projeto em andamento, equipamentos em fabricação ou durante uma parada programada, a Point Thermic entrega soluções com segurança, qualidade e total conformidade técnica.

Realizamos Tratamento Térmico, Limpeza Química, Flushing e Descontaminação Industrial, com Laudo Técnico Certificado, garantindo documentação completa, rastreabilidade e conformidade para auditorias e exigências normativas.

Atendemos indústrias, empresas de engenharia, EPCs e fabricantes de equipamentos dos setores de Óleo & Gás, Petroquímica, Siderurgia, Mineração e Naval, em todo o Brasil.

Onde houver uma operação que exige confiabilidade, desempenho e garantia técnica, a Point Thermic está pronta para atender.

👇 Preencha o formulário e fale com nossa equipe de engenharia.",ENTRE EM CONTATO,430.99,496,28651,0.0173,https://scontent-fra3-2.xx.fbcdn.net/v/t45.1600-4/750873700_4736266999942916_1346996309741729761_n.png?_nc_cat=111&ccb=1-7&_nc_eui2=AeEBzIvCOt4U8qNWR_emb_nuSasyBCqynk5JqzIEKrKeTnxuJFXF9g14YLuDWEwWdiJ1ZyFRDEevkJK4E07vD1a9&_nc_ohc=W2LxBVOdxgEQ7kNvwFuz6oj&_nc_oc=AdrmQYy9WTh6H3PGaBey_T7K2Onh2zUQl-Jnbf2fLYEM289dCoAhpqx6b_nOfnEVooM&_nc_zt=1&_nc_ht=scontent-fra3-2.xx&edm=AEuWsiQEAAAA&_nc_gid=EqwzgnM9B6z-IfIUG5FagA&_nc_tpa=Q5bMBQKwJXU2jvv4zVIlOQ6cJg9TBIXLyfFLBZJt19deHY7Yifrhy4E4DU4B-je40VAdZlF-9u7__QjxwA&stp=c0.5000x0.5000f_dst-emg0_p1024x1024_q75_tt6&ur=52f3c4&_nc_sid=58080a&oh=00_AQIHO1F0a7kvkelmqX2vy8zc7XfoF00Jk6tlzqHPmt-g_A&oe=6ABC703E
V4][ FORM][ T.T,IM T.T 03,OUTCOME_LEADS,"Seu projeto não pode parar por falta de um parceiro técnico confiável. 🔩

Seja com a planta em operação, um projeto em andamento, equipamentos em fabricação ou durante uma parada programada, a Point Thermic entrega soluções com segurança, qualidade e total conformidade técnica.

Realizamos Tratamento Térmico, Limpeza Química, Flushing e Descontaminação Industrial, com Laudo Técnico Certificado, garantindo documentação completa, rastreabilidade e conformidade para auditorias e exigências normativas.

Atendemos indústrias, empresas de engenharia, EPCs e fabricantes de equipamentos dos setores de Óleo & Gás, Petroquímica, Siderurgia, Mineração e Naval, em todo o Brasil.

Onde houver uma operação que exige confiabilidade, desempenho e garantia técnica, a Point Thermic está pronta para atender.

👇 Preencha o formulário e fale com nossa equipe de engenharia.",ENTRE EM CONTATO,17.38,9,576,0.0156,https://scontent-fra5-2.xx.fbcdn.net/v/t45.1600-4/752929592_4736268963276053_8589021233421690646_n.png?_nc_cat=106&ccb=1-7&_nc_eui2=AeGY-ZAt5g2fE-bMk95WvVtg-ze0ZlpH8Zn7N7RmWkfxmYAxRN36rIULymK9Hf-hb9vapZmNuYuNv0428Im2he1u&_nc_ohc=VJGbVjaaBTwQ7kNvwFIMyZM&_nc_oc=AdrxU0VMpO3zb-xOGDMCK08P_u99oWUf8iz850s8kNWw7r1m7pNmkfyAKfztO1wa73g&_nc_zt=1&_nc_ht=scontent-fra5-2.xx&edm=AEuWsiQEAAAA&_nc_gid=EqwzgnM9B6z-IfIUG5FagA&_nc_tpa=Q5bMBQLG8rjlX3S9nLEl1uwMVsQCm5nbm6Fwtz3IulEMNJme9y27E-4b6No9oJxXGizkPJNuOlZVLxNMVQ&stp=c0.5000x0.5000f_dst-emg0_p1024x1024_q75_tt6&ur=52f3c4&_nc_sid=58080a&oh=00_AQI8sSEUWNkw0z2TGMJjHDngW9E13Sc0BmBj2T3faSb3Uw&oe=6ABC4FC9
V4][ FORM][ LIMPEZA QUIMICA,IM 05 /SM,OUTCOME_LEADS,"Seu projeto não pode parar por falta de um parceiro técnico confiável. 🔩

Realizamos Tratamento Térmico, Limpeza Química, Flushing e Descontaminação Industrial, com Laudo Técnico Certificado, garantindo documentação completa, rastreabilidade e conformidade para auditorias e exigências normativas.

Atendemos indústrias, empresas de engenharia, EPCs e fabricantes de equipamentos dos setores de Óleo & Gás, Petroquímica, Siderurgia, Mineração e Naval, em todo o Brasil.

Onde houver uma operação que exige confiabilidade, desempenho e garantia técnica, a Point Thermic está pronta para atender.

👇 Preencha o formulário e fale com nossa equipe de engenharia.",ENTRE EM CONTATO,5.4,2,224,0.0089,https://scontent-fra5-2.xx.fbcdn.net/v/t45.1600-4/753381876_4736266946609588_8654026257258538184_n.png?_nc_cat=109&ccb=1-7&_nc_eui2=AeEXaumq79_jYjhPzl1QvjTmuP_blZZJh7K4_9uVlkmHsj7Lqp8WwpPLZxNbfKK_rwn5lN4brPzguXRe-w9Q58Ru&_nc_ohc=0c20QEd2cQMQ7kNvwGWtou0&_nc_oc=Adqk63r-7qdf9flu5yN49oc5xJIvTn9lc5R6Jcz7RPChbiywDZ7CYq20IkBvSRSI6ho&_nc_zt=1&_nc_ht=scontent-fra5-2.xx&edm=AEuWsiQEAAAA&_nc_gid=M0THfy6MY5j-XA8-lWGL2g&_nc_tpa=Q5bMBQI0q7do_hVahunmcsV7f4iNxjEp9N-2emaLvu6ma6BYT5VqGAVaENVoH4AbxhcMJsI_eD6xBjjsaQ&stp=c0.5000x0.5000f_dst-emg0_p1024x1024_q75_tt6&ur=52f3c4&_nc_sid=58080a&oh=00_AQK3c9d_Jh9dccA35Rlk57qFWtTBsGMhGZ06N1opUM72WA&oe=6ABC7153
V4][ FORM][ LIMPEZA QUIMICA,IM 04/SM,OUTCOME_LEADS,"Seu projeto não pode parar por falta de um parceiro técnico confiável. 🔩

Realizamos Tratamento Térmico, Limpeza Química, Flushing e Descontaminação Industrial, com Laudo Técnico Certificado, garantindo documentação completa, rastreabilidade e conformidade para auditorias e exigências normativas.

Atendemos indústrias, empresas de engenharia, EPCs e fabricantes de equipamentos dos setores de Óleo & Gás, Petroquímica, Siderurgia, Mineração e Naval, em todo o Brasil.

Onde houver uma operação que exige confiabilidade, desempenho e garantia técnica, a Point Thermic está pronta para atender.

👇 Preencha o formulário e fale com nossa equipe de engenharia.",ENTRE EM CONTATO,4.32,1,232,0.0043,https://scontent-fra3-1.xx.fbcdn.net/v/t45.1600-4/753671314_4736266989942917_7500271635634850856_n.png?_nc_cat=103&ccb=1-7&_nc_eui2=AeFKLUFDLC1ZGdf3f-VYH5-IqWcaq1cf6wmpZxqrVx_rCZN3AJHoQWBgZGTyxB8DTkj3Rt1CJSyzA_QrSgNc9YSd&_nc_ohc=oEKAoKhYkJUQ7kNvwFy7Rsa&_nc_oc=AdoTOk2xcAtODVNNdzsSfUEGBP8gZA6Cf_mFgt5OoNPRLvRtqnt-1C6q49SRSnJxmjE&_nc_zt=1&_nc_ht=scontent-fra3-1.xx&edm=AEuWsiQEAAAA&_nc_gid=M0THfy6MY5j-XA8-lWGL2g&_nc_tpa=Q5bMBQKpwnI48IZMLzZJ9Y4_nOu8s7AvGMLEEtfn37ebNRTI1dlN-Xyf1amt8fups1X3Ck5FKU0t2hdtYg&stp=c0.5000x0.5000f_dst-emg0_p1024x1024_q75_tt6&ur=52f3c4&_nc_sid=58080a&oh=00_AQLzbbH8nyaGGatj4XvxyXgTVZjA7sRluMZ6smHvrfRQQA&oe=6ABC62A6
V4][ FORM][ LIMPEZA QUIMICA,IM 06/SM,OUTCOME_LEADS,"Seu projeto não pode parar por falta de um parceiro técnico confiável. 🔩

Realizamos Tratamento Térmico, Limpeza Química, Flushing e Descontaminação Industrial, com Laudo Técnico Certificado, garantindo documentação completa, rastreabilidade e conformidade para auditorias e exigências normativas.

Atendemos indústrias, empresas de engenharia, EPCs e fabricantes de equipamentos dos setores de Óleo & Gás, Petroquímica, Siderurgia, Mineração e Naval, em todo o Brasil.

Onde houver uma operação que exige confiabilidade, desempenho e garantia técnica, a Point Thermic está pronta para atender.

👇 Preencha o formulário e fale com nossa equipe de engenharia.",ENTRE EM CONTATO,436.09,570,32330,0.0176,https://scontent-fra5-1.xx.fbcdn.net/v/t45.1600-4/753299349_4736266969942919_4915239198623902236_n.png?_nc_cat=110&ccb=1-7&_nc_eui2=AeF4KoHuXWox8Tk0vmirj8i6523DKWVJh-LnbcMpZUmH4pMaYqrwB_Q9pYdrT8tGWYbIcN7FPZXgMwDkWeWaIXKL&_nc_ohc=vGlEBg7j7msQ7kNvwFGFpnI&_nc_oc=Adr3ORM0Z8yiVcQ3fN1_jt6_MJzwwUS4KdPCmMBKcmD-FH4MpIoykP-b_RJW4dekvkA&_nc_zt=1&_nc_ht=scontent-fra5-1.xx&edm=AEuWsiQEAAAA&_nc_gid=M0THfy6MY5j-XA8-lWGL2g&_nc_tpa=Q5bMBQLXJcz_xh0wYuxmZ-ATVdm01Wd1XWN5qcXes1Xy9Z_Fi-Jq7LndddhBGC72z23_e8BAQl8xxlFTPQ&stp=c0.5000x0.5000f_dst-emg0_p1024x1024_q75_tt6&ur=52f3c4&_nc_sid=58080a&oh=00_AQJ30vL18TCIl87iNRE4VO7lRjXB0XuYESCop3eNL-bahQ&oe=6ABC511D
V4][ FORM][ LIMPEZA QUIMICA,IM 06 /SM,OUTCOME_LEADS,"Seu projeto não pode parar por falta de um parceiro técnico confiável. 🔩

Realizamos Tratamento Térmico, Limpeza Química, Flushing e Descontaminação Industrial, com Laudo Técnico Certificado, garantindo documentação completa, rastreabilidade e conformidade para auditorias e exigências normativas.

Atendemos indústrias, empresas de engenharia, EPCs e fabricantes de equipamentos dos setores de Óleo & Gás, Petroquímica, Siderurgia, Mineração e Naval, em todo o Brasil.

Onde houver uma operação que exige confiabilidade, desempenho e garantia técnica, a Point Thermic está pronta para atender.

👇 Preencha o formulário e fale com nossa equipe de engenharia.",ENTRE EM CONTATO,1.6,3,119,0.0252,https://scontent-fra5-1.xx.fbcdn.net/v/t45.1600-4/777824891_4766504173585865_6367047754393947148_n.png?_nc_cat=110&ccb=1-7&_nc_eui2=AeEOSpwHtRATpbl-Vt4qTCjvF63ziFheEscXrfOIWF4SxyrnVv0LydQgVWvhmA6Stqov8piU1fvfTgQySUlncj7G&_nc_ohc=pLmHpJv0iMQQ7kNvwFr8cCi&_nc_oc=Ado6xTvboyD4DTeBsYOOlZ2aonZrKwlskK1I3dQLDLpwags3wE3zgiA1Gb4gbuB86ls&_nc_zt=1&_nc_ht=scontent-fra5-1.xx&edm=AEuWsiQEAAAA&_nc_gid=5nO9RU3vkuV1KxZVJ11A2Q&_nc_tpa=Q5bMBQJFLQSFbxd3AqMVHxORItYDbC7DLtczJM5svgV4qkFexUy5el_B6ThpXUg1fh8LoCIwu0Ef8pHySw&stp=c0.5000x0.5000f_dst-emg0_p1024x1024_q75_tt6&ur=52f3c4&_nc_sid=58080a&oh=00_AQIjYA8iow5DwWqzovqiSbVcKQfx0dZdB1I6VjMyfOin4A&oe=6ABC441B
V4][ FORM][ LIMPEZA QUIMICA,IM 07/SM,OUTCOME_LEADS,"Seu projeto não pode parar por falta de um parceiro técnico confiável. 🔩

Realizamos Tratamento Térmico, Limpeza Química, Flushing e Descontaminação Industrial, com Laudo Técnico Certificado, garantindo documentação completa, rastreabilidade e conformidade para auditorias e exigências normativas.

Atendemos indústrias, empresas de engenharia, EPCs e fabricantes de equipamentos dos setores de Óleo & Gás, Petroquímica, Siderurgia, Mineração e Naval, em todo o Brasil.

Onde houver uma operação que exige confiabilidade, desempenho e garantia técnica, a Point Thermic está pronta para atender.

👇 Preencha o formulário e fale com nossa equipe de engenharia.",ENTRE EM CONTATO,19.57,17,1016,0.0167,https://scontent-fra3-1.xx.fbcdn.net/v/t45.1600-4/777626123_4766504136919202_7614433444725224044_n.png?_nc_cat=103&ccb=1-7&_nc_eui2=AeF2PihISOlUXQpjSiOO4WdhN5KgB1S7Si03kqAHVLtKLQVliuZtNe7_NZz-MuR9xomQP1LZaDffgo9yANbmP0Ga&_nc_ohc=z7rT1j5gdTEQ7kNvwH_exmE&_nc_oc=AdpoTpolRgkpl9fIK0FgZYUiOY6YGmXQTtkrAaghejGWcPam3eG_EUbuofqK489-VnI&_nc_zt=1&_nc_ht=scontent-fra3-1.xx&edm=AEuWsiQEAAAA&_nc_gid=5nO9RU3vkuV1KxZVJ11A2Q&_nc_tpa=Q5bMBQLxHLZ0p7rj8A6Bh--42FfDvYbxC5a2pQUNDDycRnkQ6Fq_GiKiSUM18HLCNew9EXIf3i9pRSXxqQ&stp=c0.5000x0.5000f_dst-emg0_p1024x1024_q75_tt6&ur=52f3c4&_nc_sid=58080a&oh=00_AQIFYDNbhKiaQE33VKeBJYByuF5bjCMUzRF9KgUabfVNPw&oe=6ABC3F84
V4][ FORM][ LIMPEZA QUIMICA,IM 08/SM,OUTCOME_LEADS,"Seu projeto não pode parar por falta de um parceiro técnico confiável. 🔩

Realizamos Tratamento Térmico, Limpeza Química, Flushing e Descontaminação Industrial, com Laudo Técnico Certificado, garantindo documentação completa, rastreabilidade e conformidade para auditorias e exigências normativas.

Atendemos indústrias, empresas de engenharia, EPCs e fabricantes de equipamentos dos setores de Óleo & Gás, Petroquímica, Siderurgia, Mineração e Naval, em todo o Brasil.

Onde houver uma operação que exige confiabilidade, desempenho e garantia técnica, a Point Thermic está pronta para atender.

👇 Preencha o formulário e fale com nossa equipe de engenharia.",ENTRE EM CONTATO,1.01,1,51,0.0196,https://scontent-fra5-1.xx.fbcdn.net/v/t45.1600-4/773218904_4766504133585869_3546818974879637438_n.png?_nc_cat=100&ccb=1-7&_nc_eui2=AeGYzFCLfOcIbPUswZSO7ge4pIY5MLSgdaqkhjkwtKB1qieG_Wp1t9F9g4bXWBiaIJ8BedROhHv8eR-yFUYyGLkY&_nc_ohc=uZ8H-ia4yOsQ7kNvwGfALTC&_nc_oc=Adq85MgCd89W3tBHJPEYaNbZ_-MCLqg3--5AL307dKy08IKG9HH79DxS37M95mJHHWw&_nc_zt=1&_nc_ht=scontent-fra5-1.xx&edm=AEuWsiQEAAAA&_nc_gid=5nO9RU3vkuV1KxZVJ11A2Q&_nc_tpa=Q5bMBQJXJ_fMC7oLSxmr2oJSqFKKqu1OSmi7ZX85FA73x7XnyJ8UheCTtmYgFDGWu1lHfaXjZIEFmRCurA&stp=c0.5000x0.5000f_dst-emg0_p1024x1024_q75_tt6&ur=52f3c4&_nc_sid=58080a&oh=00_AQIcWRy0-jMbOi7GdmLV-KAjhYRRk2BldOqlBNWTCTF40Q&oe=6ABC3EE4
03-  24/08 FORM T.T E LIMP QUIMICA ABO,IM T.T 01/SM,OUTCOME_LEADS,"Sua solda pode estar comprometida — e você nem sabe.

Tensões residuais invisíveis reduzem a vida útil dos componentes. A Point Thermic elimina esse risco com tratamento térmico controlado e rastreável.

ISO 9001 | ONIP | 15 anos de mercado

👉 Peça um diagnóstico agora.",TRATAMENTO TÉRMICO,16.08,14,828,0.0169,https://scontent-fra5-1.xx.fbcdn.net/v/t45.1600-4/777824891_4766504173585865_6367047754393947148_n.png?_nc_cat=110&ccb=1-7&_nc_eui2=AeEOSpwHtRATpbl-Vt4qTCjvF63ziFheEscXrfOIWF4SxyrnVv0LydQgVWvhmA6Stqov8piU1fvfTgQySUlncj7G&_nc_ohc=pLmHpJv0iMQQ7kNvwFr8cCi&_nc_oc=Ado6xTvboyD4DTeBsYOOlZ2aonZrKwlskK1I3dQLDLpwags3wE3zgiA1Gb4gbuB86ls&_nc_zt=1&_nc_ht=scontent-fra5-1.xx&edm=AEuWsiQEAAAA&_nc_gid=-OR9AG2-VH8IxHSHuE75Sw&_nc_tpa=Q5bMBQLjc6BSjkr6WFJFSdirc5jr-zGl152lJmT-E0MoXFMnlqDGZTTJtZDIQZGQvgI-Vifap4XuK1ZBHw&stp=c0.5000x0.5000f_dst-emg0_p1024x1024_q75_tt6&ur=52f3c4&_nc_sid=58080a&oh=00_AQLh55l7D0NrH7IzuHJJRz93tbfWsDQIdLXTpZsXYyn3eg&oe=6ABC441B
03-  24/08 FORM T.T E LIMP QUIMICA ABO,IM T.T 02/SM,OUTCOME_LEADS,"Sua solda pode estar comprometida — e você nem sabe.

Tensões residuais invisíveis reduzem a vida útil dos componentes. A Point Thermic elimina esse risco com tratamento térmico controlado e rastreável.

ISO 9001 | ONIP | 15 anos de mercado

👉 Peça um diagnóstico agora.",TRATAMENTO TÉRMICO,3.11,0,90,0,https://scontent-fra5-1.xx.fbcdn.net/v/t45.1600-4/773218904_4766504133585869_3546818974879637438_n.png?_nc_cat=100&ccb=1-7&_nc_eui2=AeGYzFCLfOcIbPUswZSO7ge4pIY5MLSgdaqkhjkwtKB1qieG_Wp1t9F9g4bXWBiaIJ8BedROhHv8eR-yFUYyGLkY&_nc_ohc=uZ8H-ia4yOsQ7kNvwGfALTC&_nc_oc=Adq85MgCd89W3tBHJPEYaNbZ_-MCLqg3--5AL307dKy08IKG9HH79DxS37M95mJHHWw&_nc_zt=1&_nc_ht=scontent-fra5-1.xx&edm=AEuWsiQEAAAA&_nc_gid=-OR9AG2-VH8IxHSHuE75Sw&_nc_tpa=Q5bMBQLNAZtjj6YJDyQaBSj8A2Q4eMZnenQNr6veLT0jpp6qHG9evCqtu-ZF-mii1kiQkDnQrT4fcsqRmg&stp=c0.5000x0.5000f_dst-emg0_p1024x1024_q75_tt6&ur=52f3c4&_nc_sid=58080a&oh=00_AQL0JUEf8sNanorPMc5JmqcSG_sDkl6gGIq9htGUvhRZ5A&oe=6ABC3EE4
03-  24/08 FORM T.T E LIMP QUIMICA ABO,IM T.T 03/SM,OUTCOME_LEADS,"Sua solda pode estar comprometida — e você nem sabe.

Tensões residuais invisíveis reduzem a vida útil dos componentes. A Point Thermic elimina esse risco com tratamento térmico controlado e rastreável.

ISO 9001 | ONIP | 15 anos de mercado

👉 Peça um diagnóstico agora.",TRATAMENTO TÉRMICO,5.15,1,290,0.0034,https://scontent-fra5-2.xx.fbcdn.net/v/t45.1600-4/752929592_4736268963276053_8589021233421690646_n.png?_nc_cat=106&ccb=1-7&_nc_eui2=AeGY-ZAt5g2fE-bMk95WvVtg-ze0ZlpH8Zn7N7RmWkfxmYAxRN36rIULymK9Hf-hb9vapZmNuYuNv0428Im2he1u&_nc_ohc=VJGbVjaaBTwQ7kNvwFIMyZM&_nc_oc=AdrxU0VMpO3zb-xOGDMCK08P_u99oWUf8iz850s8kNWw7r1m7pNmkfyAKfztO1wa73g&_nc_zt=1&_nc_ht=scontent-fra5-2.xx&edm=AEuWsiQEAAAA&_nc_gid=-OR9AG2-VH8IxHSHuE75Sw&_nc_tpa=Q5bMBQIIdRyHpfDQBkTv4N42BjpLM1Gyz0WGb-t8vAwY0u9v7VkBtoRoP0i-9Z5dZhUAa8QQSWCmHQr_RA&stp=c0.5000x0.5000f_dst-emg0_p1024x1024_q75_tt6&ur=52f3c4&_nc_sid=58080a&oh=00_AQKMQuajZntSsMbvqfJiR4l-U3oYeYVxiocA0tVcnwxArA&oe=6ABC4FC9
03-  24/08 FORM T.T E LIMP QUIMICA ABO,IM L.Q 01/SM,OUTCOME_LEADS,"Sua eficiência pode estar caindo por dentro do equipamento e ninguém está vendo.

Incrustações e depósitos internos reduzem o desempenho da operação sem dar sinal visível por fora. A Point Thermic resolve isso com limpeza química industrial para equipamentos, linhas e sistemas.

👉 Peça um diagnóstico agora.",TRATAMENTO TÉRMICO,14.73,11,733,0.015,https://scontent-fra3-1.xx.fbcdn.net/v/t45.1600-4/777626123_4766504136919202_7614433444725224044_n.png?_nc_cat=103&ccb=1-7&_nc_eui2=AeF2PihISOlUXQpjSiOO4WdhN5KgB1S7Si03kqAHVLtKLQVliuZtNe7_NZz-MuR9xomQP1LZaDffgo9yANbmP0Ga&_nc_ohc=z7rT1j5gdTEQ7kNvwH_exmE&_nc_oc=AdpoTpolRgkpl9fIK0FgZYUiOY6YGmXQTtkrAaghejGWcPam3eG_EUbuofqK489-VnI&_nc_zt=1&_nc_ht=scontent-fra3-1.xx&edm=AEuWsiQEAAAA&_nc_gid=u04y59gtnwBf5B8YanTtzQ&_nc_tpa=Q5bMBQLb1EjuOu40Ct7FZC4Eb14NB2VGtvLxsP8ecxLuV3G23aRrZLvb7Bbwtn3exlROIceeXOOgR606PQ&stp=c0.5000x0.5000f_dst-emg0_p1024x1024_q75_tt6&ur=52f3c4&_nc_sid=58080a&oh=00_AQLqPZYruyS8FCcLKrjQIeO1mwogQZpr6cF8qHrA4GP_RQ&oe=6ABC3F84
03-  24/08 FORM T.T E LIMP QUIMICA ABO,IM L.Q 02/SM,OUTCOME_LEADS,"Sua eficiência pode estar caindo por dentro do equipamento e ninguém está vendo.

Incrustações e depósitos internos reduzem o desempenho da operação sem dar sinal visível por fora. A Point Thermic resolve isso com limpeza química industrial para equipamentos, linhas e sistemas.

👉 Peça um diagnóstico agora.",TRATAMENTO TÉRMICO,8.66,11,421,0.0261,https://scontent-fra5-2.xx.fbcdn.net/v/t45.1600-4/753381876_4736266946609588_8654026257258538184_n.png?_nc_cat=109&ccb=1-7&_nc_eui2=AeEXaumq79_jYjhPzl1QvjTmuP_blZZJh7K4_9uVlkmHsj7Lqp8WwpPLZxNbfKK_rwn5lN4brPzguXRe-w9Q58Ru&_nc_ohc=0c20QEd2cQMQ7kNvwGWtou0&_nc_oc=Adqk63r-7qdf9flu5yN49oc5xJIvTn9lc5R6Jcz7RPChbiywDZ7CYq20IkBvSRSI6ho&_nc_zt=1&_nc_ht=scontent-fra5-2.xx&edm=AEuWsiQEAAAA&_nc_gid=u04y59gtnwBf5B8YanTtzQ&_nc_tpa=Q5bMBQJXqzEToS-ukWSMsZhP_LQ82COsoO5uY2jMC30nANM7WmaefOsgbaQP_zk9mQot_MF_ZeC6-_Z3Kw&stp=c0.5000x0.5000f_dst-emg0_p1024x1024_q75_tt6&ur=52f3c4&_nc_sid=58080a&oh=00_AQIX5vqnYfERIQnt0KXAaRVpgxVF4DJ4l9i1HkacDa6qZA&oe=6ABC7153
03-  24/08 FORM T.T E LIMP QUIMICA ABO,VD 01,OUTCOME_LEADS,"Seu projeto não pode parar por falta de um parceiro técnico confiável. 🔩

Na Point Thermic, você encontra soluções industriais com segurança, qualidade e conformidade técnica em todas as etapas do projeto.

Atendemos sua operação em diferentes momentos:
✅ Planta em operação
✅ Projetos em andamento
✅ Equipamentos em fabricação
✅ Paradas programadas

Nossos principais serviços:
🔹 Tratamento Térmico
🔹 Limpeza Química
🔹 Flushing
🔹 Descontaminação Industrial

Tudo com Laudo Técnico Certificado, documentação completa, rastreabilidade e conformidade para auditorias e exigências normativas.

Atendemos indústrias, empresas de engenharia, EPCs e fabricantes de equipamentos em todo o Brasil, especialmente nos setores de Óleo & Gás, Petroquímica, Siderurgia, Mineração e Naval.

Precisa de uma solução técnica para o seu projeto?

👇 Preencha o formulário e fale com nossa equipe de engenharia.",POINT THERMIC,0.93,2,37,0.0541,https://scontent-fra3-2.xx.fbcdn.net/v/t39.30808-1/665922689_1279329771051434_238460890118765342_n.jpg?_nc_cat=104&ccb=1-7&_nc_eui2=AeFR2JrfuMnJ0Ke7BqlD0z3voNIA5HfgF0Sg0gDkd-AXRMmWQ2-5s7GbUHore0ejjbau2NfiVVsMRQTop1oMOdze&_nc_ohc=N0Tw6ZhptlAQ7kNvwGNbvmA&_nc_oc=Adp1Zt928Yy8aqamwcru5kEUfUwaW5hJi3QW8iWwhxrwBHpzmd596ge5MioTyZ5a7hg&_nc_zt=24&_nc_ht=scontent-fra3-2.xx&edm=AEuWsiQEAAAA&_nc_gid=2nsb-J-bv0mA2H1GjkYLIw&_nc_tpa=Q5bMBQLbN6oBphIz1jeO1g5cx1okEIvSgrWxsLjUge5VWvpztZVIZH0t__axe0AcEiS-CW3To3Bw2Z2ZgQ&stp=c0.5000x0.5000f_dst-emg0_p1024x1024_q75_tt6&ur=68aae3&_nc_sid=58080a&oh=00_AQK_sgwRl1cr7ES60mdAxaAwpbZogIwB1j2FIBarppOupA&oe=6ABC49D2
03-  24/08 FORM T.T E LIMP QUIMICA ABO,VD 02,OUTCOME_LEADS,"Seu projeto não pode parar por falta de um parceiro técnico confiável. 🔩

Na Point Thermic, você encontra soluções industriais com segurança, qualidade e conformidade técnica em todas as etapas do projeto.

Atendemos sua operação em diferentes momentos:
✅ Planta em operação
✅ Projetos em andamento
✅ Equipamentos em fabricação
✅ Paradas programadas

Nossos principais serviços:
🔹 Tratamento Térmico
🔹 Limpeza Química
🔹 Flushing
🔹 Descontaminação Industrial

Tudo com Laudo Técnico Certificado, documentação completa, rastreabilidade e conformidade para auditorias e exigências normativas.

Atendemos indústrias, empresas de engenharia, EPCs e fabricantes de equipamentos em todo o Brasil, especialmente nos setores de Óleo & Gás, Petroquímica, Siderurgia, Mineração e Naval.

Precisa de uma solução técnica para o seu projeto?

👇 Preencha o formulário e fale com nossa equipe de engenharia.",POINT THERMIC,26.27,11,1363,0.0081,https://scontent-fra3-2.xx.fbcdn.net/v/t39.30808-1/665922689_1279329771051434_238460890118765342_n.jpg?_nc_cat=104&ccb=1-7&_nc_eui2=AeFR2JrfuMnJ0Ke7BqlD0z3voNIA5HfgF0Sg0gDkd-AXRMmWQ2-5s7GbUHore0ejjbau2NfiVVsMRQTop1oMOdze&_nc_ohc=N0Tw6ZhptlAQ7kNvwGNbvmA&_nc_oc=Adp1Zt928Yy8aqamwcru5kEUfUwaW5hJi3QW8iWwhxrwBHpzmd596ge5MioTyZ5a7hg&_nc_zt=24&_nc_ht=scontent-fra3-2.xx&edm=AEuWsiQEAAAA&_nc_gid=2nsb-J-bv0mA2H1GjkYLIw&_nc_tpa=Q5bMBQLtuzV4dr-x8xvJPEK3zlv5h5gMv0rE1LUGrCLWfj-ZWFo4JNo_DPgfdIcT482K3SWjkkStCt7CAA&stp=c0.5000x0.5000f_dst-emg0_p1024x1024_q75_tt6&ur=68aae3&_nc_sid=58080a&oh=00_AQJOwq2_x0PWpkb3JQHQSFxuD_EHaZsz8-kdMU4PeIhPBA&oe=6ABC49D2
03-  24/08 FORM T.T E LIMP QUIMICA ABO,VD 03,OUTCOME_LEADS,"Seu projeto não pode parar por falta de um parceiro técnico confiável. 🔩

Na Point Thermic, você encontra soluções industriais com segurança, qualidade e conformidade técnica em todas as etapas do projeto.

Atendemos sua operação em diferentes momentos:
✅ Planta em operação
✅ Projetos em andamento
✅ Equipamentos em fabricação
✅ Paradas programadas

Nossos principais serviços:
🔹 Tratamento Térmico
🔹 Limpeza Química
🔹 Flushing
🔹 Descontaminação Industrial

Tudo com Laudo Técnico Certificado, documentação completa, rastreabilidade e conformidade para auditorias e exigências normativas.

Atendemos indústrias, empresas de engenharia, EPCs e fabricantes de equipamentos em todo o Brasil, especialmente nos setores de Óleo & Gás, Petroquímica, Siderurgia, Mineração e Naval.

Precisa de uma solução técnica para o seu projeto?

👇 Preencha o formulário e fale com nossa equipe de engenharia.",POINT THERMIC,4.5,2,232,0.0086,https://scontent-fra3-2.xx.fbcdn.net/v/t39.30808-1/665922689_1279329771051434_238460890118765342_n.jpg?_nc_cat=104&ccb=1-7&_nc_eui2=AeFR2JrfuMnJ0Ke7BqlD0z3voNIA5HfgF0Sg0gDkd-AXRMmWQ2-5s7GbUHore0ejjbau2NfiVVsMRQTop1oMOdze&_nc_ohc=N0Tw6ZhptlAQ7kNvwGNbvmA&_nc_oc=Adp1Zt928Yy8aqamwcru5kEUfUwaW5hJi3QW8iWwhxrwBHpzmd596ge5MioTyZ5a7hg&_nc_zt=24&_nc_ht=scontent-fra3-2.xx&edm=AEuWsiQEAAAA&_nc_gid=2nsb-J-bv0mA2H1GjkYLIw&_nc_tpa=Q5bMBQJvvtiZ-3BJ-Q9ttZl-jnWKqs5C_fYyvbMiSzjzJ4kD50wPgjAoAPjtnP1w9Z1otnbRM_-6Pzcc6A&stp=c0.5000x0.5000f_dst-emg0_p1024x1024_q75_tt6&ur=68aae3&_nc_sid=58080a&oh=00_AQLfY-i91VPz4g2zJvJm-5VPmSBxhODmk-pgNgjH5QeJnw&oe=6ABC49D2
03-  24/08 FORM T.T E LIMP QUIMICA ABO,VD 04,OUTCOME_LEADS,"Seu projeto não pode parar por falta de um parceiro técnico confiável. 🔩

Na Point Thermic, você encontra soluções industriais com segurança, qualidade e conformidade técnica em todas as etapas do projeto.

Atendemos sua operação em diferentes momentos:
✅ Planta em operação
✅ Projetos em andamento
✅ Equipamentos em fabricação
✅ Paradas programadas

Nossos principais serviços:
🔹 Tratamento Térmico
🔹 Limpeza Química
🔹 Flushing
🔹 Descontaminação Industrial

Tudo com Laudo Técnico Certificado, documentação completa, rastreabilidade e conformidade para auditorias e exigências normativas.

Atendemos indústrias, empresas de engenharia, EPCs e fabricantes de equipamentos em todo o Brasil, especialmente nos setores de Óleo & Gás, Petroquímica, Siderurgia, Mineração e Naval.

Precisa de uma solução técnica para o seu projeto?

👇 Preencha o formulário e fale com nossa equipe de engenharia.",POINT THERMIC,0.49,0,24,0,https://scontent-fra3-2.xx.fbcdn.net/v/t39.30808-1/665922689_1279329771051434_238460890118765342_n.jpg?_nc_cat=104&ccb=1-7&_nc_eui2=AeFR2JrfuMnJ0Ke7BqlD0z3voNIA5HfgF0Sg0gDkd-AXRMmWQ2-5s7GbUHore0ejjbau2NfiVVsMRQTop1oMOdze&_nc_ohc=N0Tw6ZhptlAQ7kNvwGNbvmA&_nc_oc=Adp1Zt928Yy8aqamwcru5kEUfUwaW5hJi3QW8iWwhxrwBHpzmd596ge5MioTyZ5a7hg&_nc_zt=24&_nc_ht=scontent-fra3-2.xx&edm=AEuWsiQEAAAA&_nc_gid=2nsb-J-bv0mA2H1GjkYLIw&_nc_tpa=Q5bMBQL9nPcZJGt-_MbTY242DoMARuJOMFkyPBiYAGiB5UeEUL7PfaRybE-p2yA6zCmrHRntEkPKgb2g1w&stp=c0.5000x0.5000f_dst-emg0_p1024x1024_q75_tt6&ur=68aae3&_nc_sid=58080a&oh=00_AQIUoIR9Zf0L89KGgVNG9Vs97rjiVgq7V8q2FqLG4dfbnQ&oe=6ABC49D2
03-  24/08 FORM T.T E LIMP QUIMICA ABO,VD 05,OUTCOME_LEADS,"Seu projeto não pode parar por falta de um parceiro técnico confiável. 🔩

Na Point Thermic, você encontra soluções industriais com segurança, qualidade e conformidade técnica em todas as etapas do projeto.

Atendemos sua operação em diferentes momentos:
✅ Planta em operação
✅ Projetos em andamento
✅ Equipamentos em fabricação
✅ Paradas programadas

Nossos principais serviços:
🔹 Tratamento Térmico
🔹 Limpeza Química
🔹 Flushing
🔹 Descontaminação Industrial

Tudo com Laudo Técnico Certificado, documentação completa, rastreabilidade e conformidade para auditorias e exigências normativas.

Atendemos indústrias, empresas de engenharia, EPCs e fabricantes de equipamentos em todo o Brasil, especialmente nos setores de Óleo & Gás, Petroquímica, Siderurgia, Mineração e Naval.

Precisa de uma solução técnica para o seu projeto?

👇 Preencha o formulário e fale com nossa equipe de engenharia.",POINT THERMIC,12.03,6,258,0.0233,https://scontent-fra3-2.xx.fbcdn.net/v/t39.30808-1/665922689_1279329771051434_238460890118765342_n.jpg?_nc_cat=104&ccb=1-7&_nc_eui2=AeFR2JrfuMnJ0Ke7BqlD0z3voNIA5HfgF0Sg0gDkd-AXRMmWQ2-5s7GbUHore0ejjbau2NfiVVsMRQTop1oMOdze&_nc_ohc=N0Tw6ZhptlAQ7kNvwGNbvmA&_nc_oc=Adp1Zt928Yy8aqamwcru5kEUfUwaW5hJi3QW8iWwhxrwBHpzmd596ge5MioTyZ5a7hg&_nc_zt=24&_nc_ht=scontent-fra3-2.xx&edm=AEuWsiQEAAAA&_nc_gid=2nsb-J-bv0mA2H1GjkYLIw&_nc_tpa=Q5bMBQJBoYhcJ_z43gDg77wzEDGZZTjvLBhNkJltX1u7Qp8KKcztvV-NmzyIZfBrqYvLO4T9MXrT4kZV1g&stp=c0.5000x0.5000f_dst-emg0_p1024x1024_q75_tt6&ur=68aae3&_nc_sid=58080a&oh=00_AQK8hZK9WrTwO1ipL2OZlFRQBw-ZAsAcHf6SiQZuAPgjdg&oe=6ABC49D2
03-  24/08 FORM T.T E LIMP QUIMICA ABO,VD 06,OUTCOME_LEADS,"Seu projeto não pode parar por falta de um parceiro técnico confiável. 🔩

Na Point Thermic, você encontra soluções industriais com segurança, qualidade e conformidade técnica em todas as etapas do projeto.

Atendemos sua operação em diferentes momentos:
✅ Planta em operação
✅ Projetos em andamento
✅ Equipamentos em fabricação
✅ Paradas programadas

Nossos principais serviços:
🔹 Tratamento Térmico
🔹 Limpeza Química
🔹 Flushing
🔹 Descontaminação Industrial

Tudo com Laudo Técnico Certificado, documentação completa, rastreabilidade e conformidade para auditorias e exigências normativas.

Atendemos indústrias, empresas de engenharia, EPCs e fabricantes de equipamentos em todo o Brasil, especialmente nos setores de Óleo & Gás, Petroquímica, Siderurgia, Mineração e Naval.

Precisa de uma solução técnica para o seu projeto?

👇 Preencha o formulário e fale com nossa equipe de engenharia.",POINT THERMIC,170.95,119,6211,0.0192,https://scontent-fra3-2.xx.fbcdn.net/v/t39.30808-1/665922689_1279329771051434_238460890118765342_n.jpg?_nc_cat=104&ccb=1-7&_nc_eui2=AeFR2JrfuMnJ0Ke7BqlD0z3voNIA5HfgF0Sg0gDkd-AXRMmWQ2-5s7GbUHore0ejjbau2NfiVVsMRQTop1oMOdze&_nc_ohc=N0Tw6ZhptlAQ7kNvwGNbvmA&_nc_oc=Adp1Zt928Yy8aqamwcru5kEUfUwaW5hJi3QW8iWwhxrwBHpzmd596ge5MioTyZ5a7hg&_nc_zt=24&_nc_ht=scontent-fra3-2.xx&edm=AEuWsiQEAAAA&_nc_gid=2nsb-J-bv0mA2H1GjkYLIw&_nc_tpa=Q5bMBQLwuYGLQFtahZ4qCll6D1W12BSb6eXJsxuesCQsS7wntm6xZQBBLq1pHvqpUF-Z71tmWdUZ_q-L0Q&stp=c0.5000x0.5000f_dst-emg0_p1024x1024_q75_tt6&ur=68aae3&_nc_sid=58080a&oh=00_AQIGPHpWjtP5KCFrr3lDaLTy8WEpQRpONGeMacpmy1m7CA&oe=6ABC49D2
03-  24/08 FORM T.T E LIMP QUIMICA ABO,VD 02,OUTCOME_LEADS,"Seu projeto não pode parar por falta de um parceiro técnico confiável. 🔩

Na Point Thermic, você encontra soluções industriais com segurança, qualidade e conformidade técnica em todas as etapas do projeto.

Atendemos sua operação em diferentes momentos:
✅ Planta em operação
✅ Projetos em andamento
✅ Equipamentos em fabricação
✅ Paradas programadas

Nossos principais serviços:
🔹 Tratamento Térmico
🔹 Limpeza Química
🔹 Flushing
🔹 Descontaminação Industrial

Tudo com Laudo Técnico Certificado, documentação completa, rastreabilidade e conformidade para auditorias e exigências normativas.

Atendemos indústrias, empresas de engenharia, EPCs e fabricantes de equipamentos em todo o Brasil, especialmente nos setores de Óleo & Gás, Petroquímica, Siderurgia, Mineração e Naval.

Precisa de uma solução técnica para o seu projeto?

👇 Preencha o formulário e fale com nossa equipe de engenharia.",POINT THERMIC,135.88,80,9492,0.0084,https://scontent-fra3-2.xx.fbcdn.net/v/t39.30808-1/665922689_1279329771051434_238460890118765342_n.jpg?_nc_cat=104&ccb=1-7&_nc_eui2=AeFR2JrfuMnJ0Ke7BqlD0z3voNIA5HfgF0Sg0gDkd-AXRMmWQ2-5s7GbUHore0ejjbau2NfiVVsMRQTop1oMOdze&_nc_ohc=N0Tw6ZhptlAQ7kNvwGNbvmA&_nc_oc=Adp1Zt928Yy8aqamwcru5kEUfUwaW5hJi3QW8iWwhxrwBHpzmd596ge5MioTyZ5a7hg&_nc_zt=24&_nc_ht=scontent-fra3-2.xx&edm=AEuWsiQEAAAA&_nc_gid=lmzPce1d1oRzuwntM-UG-w&_nc_tpa=Q5bMBQJoPhWTSeFjfpdwhJ2yyUEhGVsTNZp0tBiEyXYsosDXWeify9_MePjn3nnEJiYwFXgEIi2PTrxcig&stp=c0.5000x0.5000f_dst-emg0_p1024x1024_q75_tt6&ur=68aae3&_nc_sid=58080a&oh=00_AQLG6bkiJzuvsEpxyYodtsNrpnsfik9A9vT-Jgin_cgYqw&oe=6ABC49D2
03-  24/08 FORM T.T E LIMP QUIMICA ABO,VD 01,OUTCOME_LEADS,"Seu projeto não pode parar por falta de um parceiro técnico confiável. 🔩

Na Point Thermic, você encontra soluções industriais com segurança, qualidade e conformidade técnica em todas as etapas do projeto.

Atendemos sua operação em diferentes momentos:
✅ Planta em operação
✅ Projetos em andamento
✅ Equipamentos em fabricação
✅ Paradas programadas

Nossos principais serviços:
🔹 Tratamento Térmico
🔹 Limpeza Química
🔹 Flushing
🔹 Descontaminação Industrial

Tudo com Laudo Técnico Certificado, documentação completa, rastreabilidade e conformidade para auditorias e exigências normativas.

Atendemos indústrias, empresas de engenharia, EPCs e fabricantes de equipamentos em todo o Brasil, especialmente nos setores de Óleo & Gás, Petroquímica, Siderurgia, Mineração e Naval.

Precisa de uma solução técnica para o seu projeto?

👇 Preencha o formulário e fale com nossa equipe de engenharia.",POINT THERMIC,1.23,1,42,0.0238,https://scontent-fra3-2.xx.fbcdn.net/v/t39.30808-1/665922689_1279329771051434_238460890118765342_n.jpg?_nc_cat=104&ccb=1-7&_nc_eui2=AeFR2JrfuMnJ0Ke7BqlD0z3voNIA5HfgF0Sg0gDkd-AXRMmWQ2-5s7GbUHore0ejjbau2NfiVVsMRQTop1oMOdze&_nc_ohc=N0Tw6ZhptlAQ7kNvwGNbvmA&_nc_oc=Adp1Zt928Yy8aqamwcru5kEUfUwaW5hJi3QW8iWwhxrwBHpzmd596ge5MioTyZ5a7hg&_nc_zt=24&_nc_ht=scontent-fra3-2.xx&edm=AEuWsiQEAAAA&_nc_gid=lmzPce1d1oRzuwntM-UG-w&_nc_tpa=Q5bMBQJcxOKPSeluYxPyGfu3cdAhGA0VOS7cJg69KuBZHPIYHdzXGkK_-EfqY9rSq3WUGvJ-R0cbOV0rnQ&stp=c0.5000x0.5000f_dst-emg0_p1024x1024_q75_tt6&ur=68aae3&_nc_sid=58080a&oh=00_AQL95cEBDDVqWHEU29ISn6Yk1oIvNBmp8LrqCwoYBTWkBA&oe=6ABC49D2
03-  24/08 FORM T.T E LIMP QUIMICA ABO,VD 03,OUTCOME_LEADS,"Seu projeto não pode parar por falta de um parceiro técnico confiável. 🔩

Na Point Thermic, você encontra soluções industriais com segurança, qualidade e conformidade técnica em todas as etapas do projeto.

Atendemos sua operação em diferentes momentos:
✅ Planta em operação
✅ Projetos em andamento
✅ Equipamentos em fabricação
✅ Paradas programadas

Nossos principais serviços:
🔹 Tratamento Térmico
🔹 Limpeza Química
🔹 Flushing
🔹 Descontaminação Industrial

Tudo com Laudo Técnico Certificado, documentação completa, rastreabilidade e conformidade para auditorias e exigências normativas.

Atendemos indústrias, empresas de engenharia, EPCs e fabricantes de equipamentos em todo o Brasil, especialmente nos setores de Óleo & Gás, Petroquímica, Siderurgia, Mineração e Naval.

Precisa de uma solução técnica para o seu projeto?

👇 Preencha o formulário e fale com nossa equipe de engenharia.",POINT THERMIC,36.31,18,1177,0.0153,https://scontent-fra3-2.xx.fbcdn.net/v/t39.30808-1/665922689_1279329771051434_238460890118765342_n.jpg?_nc_cat=104&ccb=1-7&_nc_eui2=AeFR2JrfuMnJ0Ke7BqlD0z3voNIA5HfgF0Sg0gDkd-AXRMmWQ2-5s7GbUHore0ejjbau2NfiVVsMRQTop1oMOdze&_nc_ohc=N0Tw6ZhptlAQ7kNvwGNbvmA&_nc_oc=Adp1Zt928Yy8aqamwcru5kEUfUwaW5hJi3QW8iWwhxrwBHpzmd596ge5MioTyZ5a7hg&_nc_zt=24&_nc_ht=scontent-fra3-2.xx&edm=AEuWsiQEAAAA&_nc_gid=lmzPce1d1oRzuwntM-UG-w&_nc_tpa=Q5bMBQKttGETvLfYlGquHqPu8QFfCXvV4FxvzJid-fZuYCnsy7R5rONvj2-gjaBUpBDWY14rLlE-yHB3ew&stp=c0.5000x0.5000f_dst-emg0_p1024x1024_q75_tt6&ur=68aae3&_nc_sid=58080a&oh=00_AQKKeT1IuFWjo4hH7e33M8a8TypCCXynAFPM9kk9fIEroQ&oe=6ABC49D2
03-  24/08 FORM T.T E LIMP QUIMICA ABO,VD 04,OUTCOME_LEADS,"Seu projeto não pode parar por falta de um parceiro técnico confiável. 🔩

Na Point Thermic, você encontra soluções industriais com segurança, qualidade e conformidade técnica em todas as etapas do projeto.

Atendemos sua operação em diferentes momentos:
✅ Planta em operação
✅ Projetos em andamento
✅ Equipamentos em fabricação
✅ Paradas programadas

Nossos principais serviços:
🔹 Tratamento Térmico
🔹 Limpeza Química
🔹 Flushing
🔹 Descontaminação Industrial

Tudo com Laudo Técnico Certificado, documentação completa, rastreabilidade e conformidade para auditorias e exigências normativas.

Atendemos indústrias, empresas de engenharia, EPCs e fabricantes de equipamentos em todo o Brasil, especialmente nos setores de Óleo & Gás, Petroquímica, Siderurgia, Mineração e Naval.

Precisa de uma solução técnica para o seu projeto?

👇 Preencha o formulário e fale com nossa equipe de engenharia.",POINT THERMIC,0.3,0,9,0,https://scontent-fra3-2.xx.fbcdn.net/v/t39.30808-1/665922689_1279329771051434_238460890118765342_n.jpg?_nc_cat=104&ccb=1-7&_nc_eui2=AeFR2JrfuMnJ0Ke7BqlD0z3voNIA5HfgF0Sg0gDkd-AXRMmWQ2-5s7GbUHore0ejjbau2NfiVVsMRQTop1oMOdze&_nc_ohc=N0Tw6ZhptlAQ7kNvwGNbvmA&_nc_oc=Adp1Zt928Yy8aqamwcru5kEUfUwaW5hJi3QW8iWwhxrwBHpzmd596ge5MioTyZ5a7hg&_nc_zt=24&_nc_ht=scontent-fra3-2.xx&edm=AEuWsiQEAAAA&_nc_gid=lmzPce1d1oRzuwntM-UG-w&_nc_tpa=Q5bMBQLDtNMYTuscATeR0JfK66f2sfC2xhHbnrLLfcG1DRG8b7ydHELPhVf7ZFTLwQika7aDWw13sIEq6g&stp=c0.5000x0.5000f_dst-emg0_p1024x1024_q75_tt6&ur=68aae3&_nc_sid=58080a&oh=00_AQIaWQf9dcq9CGgYEBqrPd8vtSdkyk6NWnGQxnSXmyqQtw&oe=6ABC49D2
03-  24/08 FORM T.T E LIMP QUIMICA ABO,VD 06,OUTCOME_LEADS,"Seu projeto não pode parar por falta de um parceiro técnico confiável. 🔩

Na Point Thermic, você encontra soluções industriais com segurança, qualidade e conformidade técnica em todas as etapas do projeto.

Atendemos sua operação em diferentes momentos:
✅ Planta em operação
✅ Projetos em andamento
✅ Equipamentos em fabricação
✅ Paradas programadas

Nossos principais serviços:
🔹 Tratamento Térmico
🔹 Limpeza Química
🔹 Flushing
🔹 Descontaminação Industrial

Tudo com Laudo Técnico Certificado, documentação completa, rastreabilidade e conformidade para auditorias e exigências normativas.

Atendemos indústrias, empresas de engenharia, EPCs e fabricantes de equipamentos em todo o Brasil, especialmente nos setores de Óleo & Gás, Petroquímica, Siderurgia, Mineração e Naval.

Precisa de uma solução técnica para o seu projeto?

👇 Preencha o formulário e fale com nossa equipe de engenharia.",POINT THERMIC,29.7,16,1081,0.0148,https://scontent-fra3-2.xx.fbcdn.net/v/t39.30808-1/665922689_1279329771051434_238460890118765342_n.jpg?_nc_cat=104&ccb=1-7&_nc_eui2=AeFR2JrfuMnJ0Ke7BqlD0z3voNIA5HfgF0Sg0gDkd-AXRMmWQ2-5s7GbUHore0ejjbau2NfiVVsMRQTop1oMOdze&_nc_ohc=N0Tw6ZhptlAQ7kNvwGNbvmA&_nc_oc=Adp1Zt928Yy8aqamwcru5kEUfUwaW5hJi3QW8iWwhxrwBHpzmd596ge5MioTyZ5a7hg&_nc_zt=24&_nc_ht=scontent-fra3-2.xx&edm=AEuWsiQEAAAA&_nc_gid=lmzPce1d1oRzuwntM-UG-w&_nc_tpa=Q5bMBQJ1rmVzHPUvRtIiTFUsc5O9JSITIWUBuuIEarkQUPm_VPQ1vrmVxYZtO1SQyjhrJsD29-eY_Y-Gkw&stp=c0.5000x0.5000f_dst-emg0_p1024x1024_q75_tt6&ur=68aae3&_nc_sid=58080a&oh=00_AQIsEQ4Fxbo0tvQUpIP9abu18xf-CK3tjoo8BKzKFbza0A&oe=6ABC49D2
03-  24/08 FORM T.T E LIMP QUIMICA ABO,VD 05,OUTCOME_LEADS,"Seu projeto não pode parar por falta de um parceiro técnico confiável. 🔩

Na Point Thermic, você encontra soluções industriais com segurança, qualidade e conformidade técnica em todas as etapas do projeto.

Atendemos sua operação em diferentes momentos:
✅ Planta em operação
✅ Projetos em andamento
✅ Equipamentos em fabricação
✅ Paradas programadas

Nossos principais serviços:
🔹 Tratamento Térmico
🔹 Limpeza Química
🔹 Flushing
🔹 Descontaminação Industrial

Tudo com Laudo Técnico Certificado, documentação completa, rastreabilidade e conformidade para auditorias e exigências normativas.

Atendemos indústrias, empresas de engenharia, EPCs e fabricantes de equipamentos em todo o Brasil, especialmente nos setores de Óleo & Gás, Petroquímica, Siderurgia, Mineração e Naval.

Precisa de uma solução técnica para o seu projeto?

👇 Preencha o formulário e fale com nossa equipe de engenharia.",POINT THERMIC,0.46,0,14,0,https://scontent-fra3-2.xx.fbcdn.net/v/t39.30808-1/665922689_1279329771051434_238460890118765342_n.jpg?_nc_cat=104&ccb=1-7&_nc_eui2=AeFR2JrfuMnJ0Ke7BqlD0z3voNIA5HfgF0Sg0gDkd-AXRMmWQ2-5s7GbUHore0ejjbau2NfiVVsMRQTop1oMOdze&_nc_ohc=N0Tw6ZhptlAQ7kNvwGNbvmA&_nc_oc=Adp1Zt928Yy8aqamwcru5kEUfUwaW5hJi3QW8iWwhxrwBHpzmd596ge5MioTyZ5a7hg&_nc_zt=24&_nc_ht=scontent-fra3-2.xx&edm=AEuWsiQEAAAA&_nc_gid=lmzPce1d1oRzuwntM-UG-w&_nc_tpa=Q5bMBQKLOQerWmvR2GT2pRUUZWsChdjQaXYlkZSG0AOczO4hkgjijD7CX3EKNaveCfVHRo89EbSrjuBM6A&stp=c0.5000x0.5000f_dst-emg0_p1024x1024_q75_tt6&ur=68aae3&_nc_sid=58080a&oh=00_AQLVzBsAdXtrJKfRhF_KmPXHiLulRltwm0Q-mpwcXoQj_Q&oe=6ABC49D2
