campaign_name,objective,date,spend,impressions,clicks,ctr,cpc,cpm,reach,frequency,cost_per_action_type_lead,cost_per_action_type_landing_page_view,cost_per_action_type_link_click
v4c_criativo_a_19_09_25_cbo_continua_engage_whatsapp_tratamento_termico,OUTCOME_ENGAGEMENT,2026-03-01,13.25,729,5,0.0069,2.65,18.1756,612,1.1912,,,2.65
v4c_criativo_b_19_09_25_cbo_continua_engage_whatsapp_tratamento_termico,OUTCOME_ENGAGEMENT,2026-03-01,12.48,1570,9,0.0057,1.3867,7.949,1175,1.3362,,,1.7829
v4c_criativo_a_19_09_25_cbo_continua_engage_whatsapp_tratamento_termico,OUTCOME_ENGAGEMENT,2026-03-02,17.79,1230,4,0.0033,4.4475,14.4634,1006,1.2227,,,8.895
v4c_criativo_b_19_09_25_cbo_continua_engage_whatsapp_tratamento_termico,OUTCOME_ENGAGEMENT,2026-03-02,13.86,1579,13,0.0082,1.0662,8.7777,1198,1.318,,,1.0662
v4c_criativo_a_19_09_25_cbo_continua_engage_whatsapp_tratamento_termico,OUTCOME_ENGAGEMENT,2026-03-03,17.02,423,5,0.0118,3.404,40.2364,362,1.1685,,,4.255
v4c_criativo_b_19_09_25_cbo_continua_engage_whatsapp_tratamento_termico,OUTCOME_ENGAGEMENT,2026-03-03,16.46,1398,7,0.005,2.3514,11.774,1098,1.2732,,,2.0575
v4c_criativo_a_19_09_25_cbo_continua_engage_whatsapp_tratamento_termico,OUTCOME_ENGAGEMENT,2026-03-04,10.55,253,5,0.0198,2.11,41.6996,220,1.15,,,2.11
v4c_criativo_b_19_09_25_cbo_continua_engage_whatsapp_tratamento_termico,OUTCOME_ENGAGEMENT,2026-03-04,11.2,1105,9,0.0081,1.2444,10.1357,909,1.2156,,,1.4
v4c_criativo_a_19_09_25_cbo_continua_engage_whatsapp_tratamento_termico,OUTCOME_ENGAGEMENT,2026-03-05,9.36,498,2,0.004,4.68,18.7952,411,1.2117,,,9.36
v4c_criativo_b_19_09_25_cbo_continua_engage_whatsapp_tratamento_termico,OUTCOME_ENGAGEMENT,2026-03-05,14.18,928,4,0.0043,3.545,15.2802,759,1.2227,,,7.09
v4c_criativo_a_19_09_25_cbo_continua_engage_whatsapp_tratamento_termico,OUTCOME_ENGAGEMENT,2026-03-06,9.78,563,4,0.0071,2.445,17.3712,440,1.2795,,,3.26
v4c_criativo_b_19_09_25_cbo_continua_engage_whatsapp_tratamento_termico,OUTCOME_ENGAGEMENT,2026-03-06,8.89,791,8,0.0101,1.1113,11.2389,682,1.1598,,,1.27
v4c_criativo_a_19_09_25_cbo_continua_engage_whatsapp_tratamento_termico,OUTCOME_ENGAGEMENT,2026-03-07,6.07,531,2,0.0038,3.035,11.4313,420,1.2643,,,6.07
v4c_criativo_b_19_09_25_cbo_continua_engage_whatsapp_tratamento_termico,OUTCOME_ENGAGEMENT,2026-03-07,6.83,1072,4,0.0037,1.7075,6.3713,847,1.2656,,,2.2767
v4c_criativo_a_19_09_25_cbo_continua_engage_whatsapp_tratamento_termico,OUTCOME_ENGAGEMENT,2026-03-08,13.87,1525,5,0.0033,2.774,9.0951,1088,1.4017,,,3.4675
v4c_criativo_b_19_09_25_cbo_continua_engage_whatsapp_tratamento_termico,OUTCOME_ENGAGEMENT,2026-03-08,13.83,1538,6,0.0039,2.305,8.9922,1131,1.3599,,,3.4575
v4c_criativo_a_19_09_25_cbo_continua_engage_whatsapp_tratamento_termico,OUTCOME_ENGAGEMENT,2026-03-09,16.12,1446,5,0.0035,3.224,11.148,1214,1.1911,,,5.3733
v4c_criativo_b_19_09_25_cbo_continua_engage_whatsapp_tratamento_termico,OUTCOME_ENGAGEMENT,2026-03-09,17.02,1456,14,0.0096,1.2157,11.6896,1150,1.2661,,,1.4183
v4c_criativo_a_19_09_25_cbo_continua_engage_whatsapp_tratamento_termico,OUTCOME_ENGAGEMENT,2026-03-10,14.66,1047,8,0.0076,1.8325,14.0019,854,1.226,,,1.8325
v4c_criativo_b_19_09_25_cbo_continua_engage_whatsapp_tratamento_termico,OUTCOME_ENGAGEMENT,2026-03-10,14.92,765,9,0.0118,1.6578,19.5033,667,1.1469,,,1.6578
v4c_criativo_a_19_09_25_cbo_continua_engage_whatsapp_tratamento_termico,OUTCOME_ENGAGEMENT,2026-03-11,9.56,1192,5,0.0042,1.912,8.0201,1095,1.0886,,,2.39
v4c_criativo_b_19_09_25_cbo_continua_engage_whatsapp_tratamento_termico,OUTCOME_ENGAGEMENT,2026-03-11,11.36,997,5,0.005,2.272,11.3942,864,1.1539,,,2.272
v4c_criativo_a_19_09_25_cbo_continua_engage_whatsapp_tratamento_termico,OUTCOME_ENGAGEMENT,2026-03-12,10.15,382,4,0.0105,2.5375,26.5707,329,1.1611,,,2.5375
v4c_criativo_b_19_09_25_cbo_continua_engage_whatsapp_tratamento_termico,OUTCOME_ENGAGEMENT,2026-03-12,11.02,376,4,0.0106,2.755,29.3085,309,1.2168,,,3.6733
v4c_criativo_a_19_09_25_cbo_continua_engage_whatsapp_tratamento_termico,OUTCOME_ENGAGEMENT,2026-03-13,9.56,825,2,0.0024,4.78,11.5879,716,1.1522,,,9.56
v4c_criativo_b_19_09_25_cbo_continua_engage_whatsapp_tratamento_termico,OUTCOME_ENGAGEMENT,2026-03-13,6.55,785,4,0.0051,1.6375,8.3439,642,1.2227,,,2.1833
v4c_criativo_a_19_09_25_cbo_continua_engage_whatsapp_tratamento_termico,OUTCOME_ENGAGEMENT,2026-03-14,9.41,481,4,0.0083,2.3525,19.5634,415,1.159,,,3.1367
v4c_criativo_b_19_09_25_cbo_continua_engage_whatsapp_tratamento_termico,OUTCOME_ENGAGEMENT,2026-03-14,8.74,932,8,0.0086,1.0925,9.3777,773,1.2057,,,1.2486
v4c_criativo_a_19_09_25_cbo_continua_engage_whatsapp_tratamento_termico,OUTCOME_ENGAGEMENT,2026-03-15,11.41,1150,1,0.0009,11.41,9.9217,983,1.1699,,,11.41
v4c_criativo_b_19_09_25_cbo_continua_engage_whatsapp_tratamento_termico,OUTCOME_ENGAGEMENT,2026-03-15,15.11,2687,21,0.0078,0.7195,5.6234,2115,1.2704,,,0.7555
v4c_criativo_a_19_09_25_cbo_continua_engage_whatsapp_tratamento_termico,OUTCOME_ENGAGEMENT,2026-03-16,19.01,762,2,0.0026,9.505,24.9475,671,1.1356,,,9.505
v4c_criativo_b_19_09_25_cbo_continua_engage_whatsapp_tratamento_termico,OUTCOME_ENGAGEMENT,2026-03-16,17.21,2221,4,0.0018,4.3025,7.7488,1684,1.3189,,,4.3025
v4c_criativo_a_19_09_25_cbo_continua_engage_whatsapp_tratamento_termico,OUTCOME_ENGAGEMENT,2026-03-17,16.14,878,5,0.0057,3.228,18.3827,734,1.1962,,,4.035
v4c_criativo_b_19_09_25_cbo_continua_engage_whatsapp_tratamento_termico,OUTCOME_ENGAGEMENT,2026-03-17,12.25,1035,7,0.0068,1.75,11.8357,914,1.1324,,,2.0417
v4c_criativo_a_19_09_25_cbo_continua_engage_whatsapp_tratamento_termico,OUTCOME_ENGAGEMENT,2026-03-18,8.89,1182,6,0.0051,1.4817,7.5212,972,1.216,,,1.778
v4c_criativo_b_19_09_25_cbo_continua_engage_whatsapp_tratamento_termico,OUTCOME_ENGAGEMENT,2026-03-18,9.68,802,9,0.0112,1.0756,12.0698,679,1.1811,,,1.21
v4c_criativo_a_19_09_25_cbo_continua_engage_whatsapp_tratamento_termico,OUTCOME_ENGAGEMENT,2026-03-19,15.88,438,5,0.0114,3.176,36.2557,385,1.1377,,,3.97
v4c_criativo_b_19_09_25_cbo_continua_engage_whatsapp_tratamento_termico,OUTCOME_ENGAGEMENT,2026-03-19,11.46,978,6,0.0061,1.91,11.7178,831,1.1769,,,2.292
v4c_criativo_a_19_09_25_cbo_continua_engage_whatsapp_tratamento_termico,OUTCOME_ENGAGEMENT,2026-03-20,5.09,476,4,0.0084,1.2725,10.6933,420,1.1333,,,
v4c_criativo_b_19_09_25_cbo_continua_engage_whatsapp_tratamento_termico,OUTCOME_ENGAGEMENT,2026-03-20,10,641,9,0.014,1.1111,15.6006,521,1.2303,,,1.4286
v4c_criativo_a_19_09_25_cbo_continua_engage_whatsapp_tratamento_termico,OUTCOME_ENGAGEMENT,2026-03-21,7.02,622,4,0.0064,1.755,11.2862,565,1.1009,,,2.34
v4c_criativo_b_19_09_25_cbo_continua_engage_whatsapp_tratamento_termico,OUTCOME_ENGAGEMENT,2026-03-21,8.16,1036,10,0.0097,0.816,7.8764,884,1.1719,,,0.7418
v4c_criativo_a_19_09_25_cbo_continua_engage_whatsapp_tratamento_termico,OUTCOME_ENGAGEMENT,2026-03-22,10.58,775,6,0.0077,1.7633,13.6516,640,1.2109,,,3.5267
v4c_criativo_b_19_09_25_cbo_continua_engage_whatsapp_tratamento_termico,OUTCOME_ENGAGEMENT,2026-03-22,15.37,1006,21,0.0209,0.7319,15.2783,813,1.2374,,,0.7685
v4c_criativo_a_19_09_25_cbo_continua_engage_whatsapp_tratamento_termico,OUTCOME_ENGAGEMENT,2026-03-23,13.83,1361,12,0.0088,1.1525,10.1616,1175,1.1583,,,1.2573
v4c_criativo_b_19_09_25_cbo_continua_engage_whatsapp_tratamento_termico,OUTCOME_ENGAGEMENT,2026-03-23,17.5,1351,22,0.0163,0.7955,12.9534,1124,1.202,,,0.875
v4c_criativo_a_19_09_25_cbo_continua_engage_whatsapp_tratamento_termico,OUTCOME_ENGAGEMENT,2026-03-24,13.64,800,5,0.0063,2.728,17.05,706,1.1331,,,2.728
v4c_criativo_b_19_09_25_cbo_continua_engage_whatsapp_tratamento_termico,OUTCOME_ENGAGEMENT,2026-03-24,12.14,1106,7,0.0063,1.7343,10.9765,900,1.2289,,,2.0233
v4c_criativo_a_19_09_25_cbo_continua_engage_whatsapp_tratamento_termico,OUTCOME_ENGAGEMENT,2026-03-25,15.88,1177,8,0.0068,1.985,13.4919,1001,1.1758,,,2.2686
v4c_criativo_b_19_09_25_cbo_continua_engage_whatsapp_tratamento_termico,OUTCOME_ENGAGEMENT,2026-03-25,11.37,970,9,0.0093,1.2633,11.7216,822,1.18,,,1.4212
v4c_criativo_a_19_09_25_cbo_continua_engage_whatsapp_tratamento_termico,OUTCOME_ENGAGEMENT,2026-03-26,11.46,776,11,0.0142,1.0418,14.768,696,1.1149,,,1.146
v4c_criativo_b_19_09_25_cbo_continua_engage_whatsapp_tratamento_termico,OUTCOME_ENGAGEMENT,2026-03-26,10.58,774,11,0.0142,0.9618,13.6693,662,1.1692,,,0.9618
v4c_criativo_a_19_09_25_cbo_continua_engage_whatsapp_tratamento_termico,OUTCOME_ENGAGEMENT,2026-03-27,11.73,969,6,0.0062,1.955,12.1053,837,1.1577,,,1.955
v4c_criativo_b_19_09_25_cbo_continua_engage_whatsapp_tratamento_termico,OUTCOME_ENGAGEMENT,2026-03-27,10.38,892,11,0.0123,0.9436,11.6368,795,1.122,,,1.1533
v4c_criativo_a_19_09_25_cbo_continua_engage_whatsapp_tratamento_termico,OUTCOME_ENGAGEMENT,2026-03-28,6.87,517,3,0.0058,2.29,13.2882,473,1.093,,,2.29
v4c_criativo_b_19_09_25_cbo_continua_engage_whatsapp_tratamento_termico,OUTCOME_ENGAGEMENT,2026-03-28,6.64,622,11,0.0177,0.6036,10.6752,596,1.0436,,,0.6036
v4c_criativo_a_19_09_25_cbo_continua_engage_whatsapp_tratamento_termico,OUTCOME_ENGAGEMENT,2026-03-29,9.25,850,5,0.0059,1.85,10.8824,744,1.1425,,,1.85
v4c_criativo_b_19_09_25_cbo_continua_engage_whatsapp_tratamento_termico,OUTCOME_ENGAGEMENT,2026-03-29,12.07,1105,12,0.0109,1.0058,10.9231,1005,1.0995,,,1.0058
v4c_criativo_a_19_09_25_cbo_continua_engage_whatsapp_tratamento_termico,OUTCOME_ENGAGEMENT,2026-03-30,13.69,2403,10,0.0042,1.369,5.697,2059,1.1671,,,1.7112
v4c_criativo_b_19_09_25_cbo_continua_engage_whatsapp_tratamento_termico,OUTCOME_ENGAGEMENT,2026-03-30,12.89,1248,24,0.0192,0.5371,10.3285,1043,1.1965,,,0.5156
v4c_criativo_a_19_09_25_cbo_continua_engage_whatsapp_tratamento_termico,OUTCOME_ENGAGEMENT,2026-03-31,14.75,1217,3,0.0025,4.9167,12.12,1051,1.1579,,,14.75
v4c_criativo_b_19_09_25_cbo_continua_engage_whatsapp_tratamento_termico,OUTCOME_ENGAGEMENT,2026-03-31,14.81,1127,6,0.0053,2.4683,13.1411,1051,1.0723,,,4.9367
v4c_criativo_a_19_09_25_cbo_continua_engage_whatsapp_tratamento_termico,OUTCOME_ENGAGEMENT,2026-04-01,11.82,740,5,0.0068,2.364,15.973,650,1.1385,,,2.364
v4c_criativo_b_19_09_25_cbo_continua_engage_whatsapp_tratamento_termico,OUTCOME_ENGAGEMENT,2026-04-01,12.35,1370,24,0.0175,0.5146,9.0146,1216,1.1266,,,0.5881
v4c_criativo_a_19_09_25_cbo_continua_engage_whatsapp_tratamento_termico,OUTCOME_ENGAGEMENT,2026-04-02,12.06,626,3,0.0048,4.02,19.2652,557,1.1239,,,6.03
v4c_criativo_b_19_09_25_cbo_continua_engage_whatsapp_tratamento_termico,OUTCOME_ENGAGEMENT,2026-04-02,10.05,900,12,0.0133,0.8375,11.1667,794,1.1335,,,1.005
v4c_criativo_a_19_09_25_cbo_continua_engage_whatsapp_tratamento_termico,OUTCOME_ENGAGEMENT,2026-04-03,14.41,370,0,0,,38.9459,349,1.0602,,,
v4c_criativo_b_19_09_25_cbo_continua_engage_whatsapp_tratamento_termico,OUTCOME_ENGAGEMENT,2026-04-03,14.15,829,13,0.0157,1.0885,17.0688,671,1.2355,,,1.1792
v4c_criativo_a_19_09_25_cbo_continua_engage_whatsapp_tratamento_termico,OUTCOME_ENGAGEMENT,2026-04-04,7.32,1456,2,0.0014,3.66,5.0275,1422,1.0239,,,7.32
v4c_criativo_b_19_09_25_cbo_continua_engage_whatsapp_tratamento_termico,OUTCOME_ENGAGEMENT,2026-04-04,7.12,979,9,0.0092,0.7911,7.2727,947,1.0338,,,0.7911
v4c_criativo_a_19_09_25_cbo_continua_engage_whatsapp_tratamento_termico,OUTCOME_ENGAGEMENT,2026-04-05,11.64,1117,1,0.0009,11.64,10.4208,1051,1.0628,,,11.64
v4c_criativo_b_19_09_25_cbo_continua_engage_whatsapp_tratamento_termico,OUTCOME_ENGAGEMENT,2026-04-05,12.9,1994,15,0.0075,0.86,6.4694,1777,1.1221,,,0.9923
v4c_criativo_a_19_09_25_cbo_continua_engage_whatsapp_tratamento_termico,OUTCOME_ENGAGEMENT,2026-04-06,17.9,523,4,0.0076,4.475,34.2256,478,1.0941,,,5.9667
v4c_criativo_b_19_09_25_cbo_continua_engage_whatsapp_tratamento_termico,OUTCOME_ENGAGEMENT,2026-04-06,15.23,1332,18,0.0135,0.8461,11.4339,1119,1.1903,,,0.8461
v4c_criativo_a_19_09_25_cbo_continua_engage_whatsapp_tratamento_termico,OUTCOME_ENGAGEMENT,2026-04-07,13.64,1850,9,0.0049,1.5156,7.373,1730,1.0694,,,1.9486
v4c_criativo_b_19_09_25_cbo_continua_engage_whatsapp_tratamento_termico,OUTCOME_ENGAGEMENT,2026-04-07,16.15,1271,20,0.0157,0.8075,12.7065,1143,1.112,,,0.8075
v4c_criativo_a_19_09_25_cbo_continua_engage_whatsapp_tratamento_termico,OUTCOME_ENGAGEMENT,2026-04-08,8.27,244,2,0.0082,4.135,33.8934,224,1.0893,,,4.135
v4c_criativo_b_19_09_25_cbo_continua_engage_whatsapp_tratamento_termico,OUTCOME_ENGAGEMENT,2026-04-08,7.27,294,4,0.0136,1.8175,24.7279,264,1.1136,,,2.4233
V4 I FORMS I TRATAMENTO TÉRMICO,OUTCOME_LEADS,2026-04-14,13.66,381,3,0.0079,4.5533,35.853,352,1.0824,,,4.5533
V4 I FORMS I TRATAMENTO TÉRMICO,OUTCOME_LEADS,2026-04-15,35.22,859,7,0.0081,5.0314,41.0012,743,1.1561,,,8.805
V4 I FORMS I TRATAMENTO TÉRMICO,OUTCOME_LEADS,2026-04-16,51.71,1272,23,0.0181,2.2483,40.6525,1119,1.1367,51.71,,4.3092
V4 I FORMS I TRATAMENTO TÉRMICO,OUTCOME_LEADS,2026-04-17,41.38,1185,24,0.0203,1.7242,34.9198,1058,1.12,,,2.7587
V4 I FORMS I TRATAMENTO TÉRMICO,OUTCOME_LEADS,2026-04-18,44.7,1157,21,0.0182,2.1286,38.6344,1019,1.1354,22.35,,4.0636
V4 I FORMS I TRATAMENTO TÉRMICO,OUTCOME_LEADS,2026-04-19,66.84,2020,49,0.0243,1.3641,33.0891,1820,1.1099,,,2.9061
V4 I FORMS I TRATAMENTO TÉRMICO,OUTCOME_LEADS,2026-04-20,55.56,2143,34,0.0159,1.6341,25.9263,1947,1.1007,,,2.5255
V4 I FORMS I TRATAMENTO TÉRMICO,OUTCOME_LEADS,2026-04-21,46.27,1126,19,0.0169,2.4353,41.0924,1044,1.0785,,,5.7838
V4 I FORMS I TRATAMENTO TÉRMICO,OUTCOME_LEADS,2026-04-22,47.82,1450,25,0.0172,1.9128,32.9793,1349,1.0749,47.82,,3.4157
V4 I FORMS I TRATAMENTO TÉRMICO,OUTCOME_LEADS,2026-04-23,46.45,1600,26,0.0163,1.7865,29.0312,1434,1.1158,23.225,46.45,3.3179
V4 I FORMS I TRATAMENTO TÉRMICO,OUTCOME_LEADS,2026-04-24,37.98,1700,16,0.0094,2.3737,22.3412,1491,1.1402,,,3.165
V4 I FORMS I TRATAMENTO TÉRMICO,OUTCOME_LEADS,2026-04-25,48.03,2104,18,0.0086,2.6683,22.8279,1855,1.1342,,,4.0025
V4 I FORMS I TRATAMENTO TÉRMICO,OUTCOME_LEADS,2026-04-26,65.02,1560,25,0.016,2.6008,41.6795,1392,1.1207,65.02,,5.0015
V4 I FORMS I TRATAMENTO TÉRMICO,OUTCOME_LEADS,2026-04-27,62.63,2094,29,0.0138,2.1597,29.9093,1891,1.1074,62.63,62.63,4.8177
V4 I FORMS I TRATAMENTO TÉRMICO,OUTCOME_LEADS,2026-04-28,38.2,1406,21,0.0149,1.819,27.1693,1301,1.0807,,,3.4727
V4 I FORMS I TRATAMENTO TÉRMICO,OUTCOME_LEADS,2026-04-29,43.05,1208,23,0.019,1.8717,35.6374,1155,1.0459,,,3.5875
V4 I FORMS I TRATAMENTO TÉRMICO,OUTCOME_LEADS,2026-04-30,37.21,982,11,0.0112,3.3827,37.8921,950,1.0337,,,12.4033
V4 I FORMS I LIMPEZA QUÍMICA,OUTCOME_LEADS,2026-04-30,18.94,662,4,0.006,4.735,28.6103,550,1.2036,,,9.47
V4 I FORMS I TRATAMENTO TÉRMICO,OUTCOME_LEADS,2026-05-01,56.4,1836,14,0.0076,4.0286,30.719,1619,1.134,,,6.2667
V4 I FORMS I LIMPEZA QUÍMICA,OUTCOME_LEADS,2026-05-01,28.4,921,5,0.0054,5.68,30.836,820,1.1232,,,7.1
Post do Instagram: 🥘 Paella à vontade por...,OUTCOME_ENGAGEMENT,2026-05-01,7.27,2473,9,0.0036,0.8078,2.9397,2380,1.0391,,,
V4 I FORMS I TRATAMENTO TÉRMICO,OUTCOME_LEADS,2026-05-02,45.99,1519,16,0.0105,2.8744,30.2765,1442,1.0534,,,5.11
V4 I FORMS I LIMPEZA QUÍMICA,OUTCOME_LEADS,2026-05-02,24.5,857,7,0.0082,3.5,28.5881,772,1.1101,,,6.125
Post do Instagram: 🥘 Paella à vontade por...,OUTCOME_ENGAGEMENT,2026-05-02,16.99,5889,27,0.0046,0.6293,2.885,5760,1.0224,,,
V4 I FORMS I TRATAMENTO TÉRMICO,OUTCOME_LEADS,2026-05-03,50.61,1716,21,0.0122,2.41,29.493,1493,1.1494,,,3.8931
V4 I FORMS I LIMPEZA QUÍMICA,OUTCOME_LEADS,2026-05-03,42.3,1102,6,0.0054,7.05,38.3848,914,1.2057,,,14.1
Post do Instagram: 🥘 Paella à vontade por...,OUTCOME_ENGAGEMENT,2026-05-03,22.37,7890,36,0.0046,0.6214,2.8352,7865,1.0032,,,
V4 I FORMS I TRATAMENTO TÉRMICO,OUTCOME_LEADS,2026-05-04,50.69,1929,20,0.0104,2.5345,26.2779,1732,1.1137,,,6.3362
V4 I FORMS I LIMPEZA QUÍMICA,OUTCOME_LEADS,2026-05-04,23.38,626,7,0.0112,3.34,37.3482,559,1.1199,23.38,,11.69
Post do Instagram: 🥘 Paella à vontade por...,OUTCOME_ENGAGEMENT,2026-05-04,3.13,1037,12,0.0116,0.2608,3.0183,1037,1,,,
V4 I FORMS I TRATAMENTO TÉRMICO,OUTCOME_LEADS,2026-05-05,70.79,2811,49,0.0174,1.4447,25.1832,2438,1.153,70.79,70.79,2.3597
V4 I FORMS I LIMPEZA QUÍMICA,OUTCOME_LEADS,2026-05-05,40.56,1400,7,0.005,5.7943,28.9714,1171,1.1956,,,8.112
V4 I FORMS I TRATAMENTO TÉRMICO,OUTCOME_LEADS,2026-05-06,51.23,1800,27,0.015,1.8974,28.4611,1491,1.2072,,,2.8461
V4 I FORMS I LIMPEZA QUÍMICA,OUTCOME_LEADS,2026-05-06,48.77,1439,14,0.0097,3.4836,33.8916,1147,1.2546,,,5.4189
V4 I FORMS I TRATAMENTO TÉRMICO,OUTCOME_LEADS,2026-05-07,37.65,1372,26,0.019,1.4481,27.4417,1203,1.1405,,,2.0917
V4 I FORMS I LIMPEZA QUÍMICA,OUTCOME_LEADS,2026-05-07,45.81,1655,17,0.0103,2.6947,27.6798,1444,1.1461,,,3.8175
V4 I FORMS I TRATAMENTO TÉRMICO,OUTCOME_LEADS,2026-05-08,34.64,1390,17,0.0122,2.0376,24.9209,1164,1.1942,,,4.9486
V4 I FORMS I LIMPEZA QUÍMICA,OUTCOME_LEADS,2026-05-08,52.52,1540,21,0.0136,2.501,34.1039,1309,1.1765,,,4.7745
V4 I FORMS I TRATAMENTO TÉRMICO,OUTCOME_LEADS,2026-05-09,54.07,1671,35,0.0209,1.5449,32.3579,1353,1.235,54.07,,2.7035
V4 I FORMS I LIMPEZA QUÍMICA,OUTCOME_LEADS,2026-05-09,40.77,1095,16,0.0146,2.5481,37.2329,992,1.1038,,40.77,3.7064
V4 I FORMS I TRATAMENTO TÉRMICO,OUTCOME_LEADS,2026-05-10,60.41,2165,37,0.0171,1.6327,27.903,1789,1.2102,,,2.8767
V4 I FORMS I LIMPEZA QUÍMICA,OUTCOME_LEADS,2026-05-10,66.53,2413,26,0.0108,2.5588,27.5715,2044,1.1805,33.265,,3.3265
V4 I FORMS I TRATAMENTO TÉRMICO,OUTCOME_LEADS,2026-05-11,45.65,2105,22,0.0105,2.075,21.6865,1787,1.178,,,2.6853
V4 I FORMS I LIMPEZA QUÍMICA,OUTCOME_LEADS,2026-05-11,53.75,2795,24,0.0086,2.2396,19.2308,2350,1.1894,53.75,,3.3594
V4 I FORMS I TRATAMENTO TÉRMICO,OUTCOME_LEADS,2026-05-12,30.01,1620,13,0.008,2.3085,18.5247,1406,1.1522,,,4.2871
V4 I FORMS I LIMPEZA QUÍMICA,OUTCOME_LEADS,2026-05-12,27.62,1511,13,0.0086,2.1246,18.2793,1337,1.1301,,,3.9457
V4 I FORMS I TRATAMENTO TÉRMICO,OUTCOME_LEADS,2026-05-13,23.84,777,8,0.0103,2.98,30.6821,710,1.0944,,,4.768
V4 I FORMS I LIMPEZA QUÍMICA,OUTCOME_LEADS,2026-05-13,21.22,855,5,0.0058,4.244,24.8187,767,1.1147,,,5.305
V4 I FORMS I TRATAMENTO TÉRMICO,OUTCOME_LEADS,2026-05-14,20.44,840,10,0.0119,2.044,24.3333,744,1.129,20.44,,3.4067
V4 I FORMS I LIMPEZA QUÍMICA,OUTCOME_LEADS,2026-05-14,21.51,863,5,0.0058,4.302,24.9247,783,1.1022,21.51,,10.755
V4 I FORMS I TRATAMENTO TÉRMICO,OUTCOME_LEADS,2026-05-15,17.37,806,11,0.0136,1.5791,21.5509,721,1.1179,,,2.4814
V4 I FORMS I LIMPEZA QUÍMICA,OUTCOME_LEADS,2026-05-15,18.93,636,12,0.0189,1.5775,29.7642,573,1.1099,,,2.7043
V4 I FORMS I TRATAMENTO TÉRMICO,OUTCOME_LEADS,2026-05-16,14.57,505,1,0.002,14.57,28.8515,449,1.1247,,,14.57
V4 I FORMS I LIMPEZA QUÍMICA,OUTCOME_LEADS,2026-05-16,13.52,515,4,0.0078,3.38,26.2524,466,1.1052,13.52,,6.76
V4 I FORMS I TRATAMENTO TÉRMICO,OUTCOME_LEADS,2026-05-17,24.54,1013,7,0.0069,3.5057,24.2251,934,1.0846,,,6.135
V4 I FORMS I LIMPEZA QUÍMICA,OUTCOME_LEADS,2026-05-17,26.64,861,7,0.0081,3.8057,30.9408,775,1.111,,,8.88
V4 I FORMS I TRATAMENTO TÉRMICO,OUTCOME_LEADS,2026-05-18,21.23,1080,5,0.0046,4.246,19.6574,983,1.0987,,,7.0767
V4 I FORMS I LIMPEZA QUÍMICA,OUTCOME_LEADS,2026-05-18,22.71,897,14,0.0156,1.6221,25.3177,834,1.0755,7.57,,3.2443
V4 I FORMS I TRATAMENTO TÉRMICO,OUTCOME_LEADS,2026-05-19,18.55,719,8,0.0111,2.3188,25.7997,636,1.1305,,,3.0917
V4 I FORMS I LIMPEZA QUÍMICA,OUTCOME_LEADS,2026-05-19,21.12,831,9,0.0108,2.3467,25.4152,749,1.1095,10.56,,3.52
V4 I FORMS I TRATAMENTO TÉRMICO,OUTCOME_LEADS,2026-05-20,21.15,719,2,0.0028,10.575,29.4159,660,1.0894,,,21.15
V4 I FORMS I LIMPEZA QUÍMICA,OUTCOME_LEADS,2026-05-20,19.58,754,5,0.0066,3.916,25.9682,704,1.071,,,4.895
V4 I FORMS I TRATAMENTO TÉRMICO,OUTCOME_LEADS,2026-05-21,15.45,619,7,0.0113,2.2071,24.9596,537,1.1527,,,15.45
V4 I FORMS I LIMPEZA QUÍMICA,OUTCOME_LEADS,2026-05-21,17.77,545,4,0.0073,4.4425,32.6055,517,1.0542,,,17.77
V4 I FORMS I TRATAMENTO TÉRMICO,OUTCOME_LEADS,2026-05-22,15.54,712,7,0.0098,2.22,21.8258,621,1.1465,,,3.885
V4 I FORMS I LIMPEZA QUÍMICA,OUTCOME_LEADS,2026-05-22,12.36,628,3,0.0048,4.12,19.6815,579,1.0846,,,6.18
V4 I FORMS I TRATAMENTO TÉRMICO,OUTCOME_LEADS,2026-05-23,9.76,406,2,0.0049,4.88,24.0394,354,1.1469,,,9.76
V4 I FORMS I LIMPEZA QUÍMICA,OUTCOME_LEADS,2026-05-23,10.54,453,5,0.011,2.108,23.2671,429,1.0559,,,3.5133
V4 I FORMS I TRATAMENTO TÉRMICO,OUTCOME_LEADS,2026-05-24,17.39,445,4,0.009,4.3475,39.0787,383,1.1619,,,8.695
V4 I FORMS I LIMPEZA QUÍMICA,OUTCOME_LEADS,2026-05-24,20.43,451,3,0.0067,6.81,45.2993,433,1.0416,,,10.215
V4 I FORMS I TRATAMENTO TÉRMICO,OUTCOME_LEADS,2026-05-25,14.98,676,9,0.0133,1.6644,22.1598,568,1.1901,,,2.996
V4 I FORMS I LIMPEZA QUÍMICA,OUTCOME_LEADS,2026-05-25,16.22,649,3,0.0046,5.4067,24.9923,589,1.1019,,,16.22
V4 I FORMS I TRATAMENTO TÉRMICO,OUTCOME_LEADS,2026-05-26,10.75,294,4,0.0136,2.6875,36.5646,262,1.1221,,,3.5833
V4 I FORMS I LIMPEZA QUÍMICA,OUTCOME_LEADS,2026-05-26,11.95,602,12,0.0199,0.9958,19.8505,544,1.1066,,,2.39
V4 I FORMS I TRATAMENTO TÉRMICO,OUTCOME_LEADS,2026-05-27,15,544,3,0.0055,5,27.5735,450,1.2089,,,7.5
V4 I FORMS I LIMPEZA QUÍMICA,OUTCOME_LEADS,2026-05-27,16.66,792,14,0.0177,1.19,21.0354,647,1.2241,,,2.38
V4 I FORMS I TRATAMENTO TÉRMICO,OUTCOME_LEADS,2026-05-28,16.32,559,9,0.0161,1.8133,29.195,480,1.1646,,,8.16
V4 I FORMS I LIMPEZA QUÍMICA,OUTCOME_LEADS,2026-05-28,14.64,620,7,0.0113,2.0914,23.6129,538,1.1524,,,2.928
V4 I FORMS I TRATAMENTO TÉRMICO,OUTCOME_LEADS,2026-05-29,16.72,597,8,0.0134,2.09,28.0067,515,1.1592,16.72,,5.5733
V4 I FORMS I LIMPEZA QUÍMICA,OUTCOME_LEADS,2026-05-29,14.17,460,6,0.013,2.3617,30.8043,390,1.1795,,,7.085
V4 I FORMS I TRATAMENTO TÉRMICO,OUTCOME_LEADS,2026-05-30,13.64,535,15,0.028,0.9093,25.4953,454,1.1784,13.64,,2.2733
V4 I FORMS I LIMPEZA QUÍMICA,OUTCOME_LEADS,2026-05-30,10.46,367,3,0.0082,3.4867,28.5014,319,1.1505,,,5.23
V4 I FORMS I TRATAMENTO TÉRMICO,OUTCOME_LEADS,2026-05-31,19.84,538,5,0.0093,3.968,36.8773,461,1.167,,,19.84
V4 I FORMS I LIMPEZA QUÍMICA,OUTCOME_LEADS,2026-05-31,17.64,636,8,0.0126,2.205,27.7358,521,1.2207,,,5.88
V4 I FORMS I TRATAMENTO TÉRMICO,OUTCOME_LEADS,2026-06-01,15.05,426,5,0.0117,3.01,35.3286,374,1.139,15.05,,3.7625
V4 I FORMS I LIMPEZA QUÍMICA,OUTCOME_LEADS,2026-06-01,17.89,733,11,0.015,1.6264,24.4065,619,1.1842,,,4.4725
V4 I FORMS I TRATAMENTO TÉRMICO,OUTCOME_LEADS,2026-06-02,14.16,550,14,0.0255,1.0114,25.7455,454,1.2115,,,2.0229
V4 I FORMS I LIMPEZA QUÍMICA,OUTCOME_LEADS,2026-06-02,16.17,675,8,0.0119,2.0213,23.9556,588,1.148,16.17,,5.39
V4 I FORMS I TRATAMENTO TÉRMICO,OUTCOME_LEADS,2026-06-03,15.5,544,12,0.0221,1.2917,28.4926,459,1.1852,,,2.2143
V4 I FORMS I LIMPEZA QUÍMICA,OUTCOME_LEADS,2026-06-03,16.52,578,2,0.0035,8.26,28.5813,520,1.1115,,,16.52
V4 I FORMS I TRATAMENTO TÉRMICO,OUTCOME_LEADS,2026-06-04,14.25,456,11,0.0241,1.2955,31.25,389,1.1722,,,2.375
V4 I FORMS I LIMPEZA QUÍMICA,OUTCOME_LEADS,2026-06-04,11.99,468,6,0.0128,1.9983,25.6197,413,1.1332,,,3.9967
V4 I FORMS I TRATAMENTO TÉRMICO,OUTCOME_LEADS,2026-06-05,26.91,595,10,0.0168,2.691,45.2269,529,1.1248,,,6.7275
V4 I FORMS I LIMPEZA QUÍMICA,OUTCOME_LEADS,2026-06-05,21.07,747,6,0.008,3.5117,28.2062,645,1.1581,,,7.0233
V4 I FORMS I TRATAMENTO TÉRMICO,OUTCOME_LEADS,2026-06-06,19.18,464,11,0.0237,1.7436,41.3362,423,1.0969,19.18,,3.836
V4 I FORMS I LIMPEZA QUÍMICA,OUTCOME_LEADS,2026-06-06,24.17,976,14,0.0143,1.7264,24.7643,866,1.127,24.17,,2.6856
V4 I FORMS I TRATAMENTO TÉRMICO,OUTCOME_LEADS,2026-06-07,38.28,1068,16,0.015,2.3925,35.8427,931,1.1472,38.28,,4.785
V4 I FORMS I LIMPEZA QUÍMICA,OUTCOME_LEADS,2026-06-07,36.26,1217,12,0.0099,3.0217,29.7946,1086,1.1206,,,4.5325
V4 I FORMS I TRATAMENTO TÉRMICO,OUTCOME_LEADS,2026-06-08,28.22,1115,21,0.0188,1.3438,25.3094,947,1.1774,,,2.3517
V4 I FORMS I LIMPEZA QUÍMICA,OUTCOME_LEADS,2026-06-08,26.44,1094,13,0.0119,2.0338,24.1682,961,1.1384,,,3.7771
V4 I FORMS I TRATAMENTO TÉRMICO,OUTCOME_LEADS,2026-06-09,29.29,1134,23,0.0203,1.2735,25.8289,985,1.1513,,,2.929
V4 I FORMS I LIMPEZA QUÍMICA,OUTCOME_LEADS,2026-06-09,30.67,1375,13,0.0095,2.3592,22.3055,1225,1.1224,,,3.067
V4 I FORMS I TRATAMENTO TÉRMICO,OUTCOME_LEADS,2026-06-10,30.41,937,19,0.0203,1.6005,32.4546,757,1.2378,,,3.3789
V4 I FORMS I LIMPEZA QUÍMICA,OUTCOME_LEADS,2026-06-10,30.84,1008,10,0.0099,3.084,30.5952,928,1.0862,30.84,,7.71
V4 I FORMS I TRATAMENTO TÉRMICO,OUTCOME_LEADS,2026-06-11,29.34,1088,11,0.0101,2.6673,26.9669,921,1.1813,,,4.1914
V4 I FORMS I LIMPEZA QUÍMICA,OUTCOME_LEADS,2026-06-11,29.47,976,13,0.0133,2.2669,30.1947,906,1.0773,,,5.894
V4 I FORMS I TRATAMENTO TÉRMICO,OUTCOME_LEADS,2026-06-12,27.41,890,5,0.0056,5.482,30.7978,785,1.1338,,,9.1367
V4 I FORMS I LIMPEZA QUÍMICA,OUTCOME_LEADS,2026-06-12,27.83,979,14,0.0143,1.9879,28.427,866,1.1305,,,3.9757
V4 I FORMS I TRATAMENTO TÉRMICO,OUTCOME_LEADS,2026-06-13,26.01,671,13,0.0194,2.0008,38.763,607,1.1054,8.67,13.005,4.335
V4 I FORMS I LIMPEZA QUÍMICA,OUTCOME_LEADS,2026-06-13,27.63,740,15,0.0203,1.842,37.3378,612,1.2092,27.63,,2.5118
V4 I FORMS I TRATAMENTO TÉRMICO,OUTCOME_LEADS,2026-06-14,40.75,1365,33,0.0242,1.2348,29.8535,1266,1.0782,13.5833,20.375,2.5469
V4 I FORMS I LIMPEZA QUÍMICA,OUTCOME_LEADS,2026-06-14,41.98,1087,13,0.012,3.2292,38.6201,873,1.2451,,,6.9967
V4 I FORMS I TRATAMENTO TÉRMICO,OUTCOME_LEADS,2026-06-15,33.92,1442,13,0.009,2.6092,23.5229,1314,1.0974,,,6.784
V4 I FORMS I LIMPEZA QUÍMICA,OUTCOME_LEADS,2026-06-15,30.99,1080,12,0.0111,2.5825,28.6944,903,1.196,,,3.099
V4 I FORMS I TRATAMENTO TÉRMICO,OUTCOME_LEADS,2026-06-16,23.62,692,11,0.0159,2.1473,34.1329,632,1.0949,,,3.3743
V4 I FORMS I LIMPEZA QUÍMICA,OUTCOME_LEADS,2026-06-16,27.4,703,13,0.0185,2.1077,38.9758,593,1.1855,,,3.0444
V4 I FORMS I TRATAMENTO TÉRMICO,OUTCOME_LEADS,2026-06-17,30.88,1175,13,0.0111,2.3754,26.2809,1031,1.1397,30.88,30.88,7.72
V4 I FORMS I LIMPEZA QUÍMICA,OUTCOME_LEADS,2026-06-17,30.94,769,8,0.0104,3.8675,40.2341,686,1.121,,,7.735
V4 I FORMS I TRATAMENTO TÉRMICO,OUTCOME_LEADS,2026-06-18,33.92,692,6,0.0087,5.6533,49.0173,634,1.0915,,,16.96
V4 I FORMS I LIMPEZA QUÍMICA,OUTCOME_LEADS,2026-06-18,26.51,865,7,0.0081,3.7871,30.6474,776,1.1147,,,8.8367
V4 I FORMS I TRATAMENTO TÉRMICO,OUTCOME_LEADS,2026-06-19,31.45,920,8,0.0087,3.9312,34.1848,810,1.1358,,,10.4833
V4 I FORMS I LIMPEZA QUÍMICA,OUTCOME_LEADS,2026-06-19,28.55,612,10,0.0163,2.855,46.6503,530,1.1547,,,5.71
V4 I FORMS I TRATAMENTO TÉRMICO,OUTCOME_LEADS,2026-06-20,15.24,430,1,0.0023,15.24,35.4419,400,1.075,,,15.24
V4 I FORMS I LIMPEZA QUÍMICA,OUTCOME_LEADS,2026-06-20,22.79,525,5,0.0095,4.558,43.4095,479,1.096,,,7.5967
V4 I FORMS I TRATAMENTO TÉRMICO,OUTCOME_LEADS,2026-06-21,45,946,18,0.019,2.5,47.5687,850,1.1129,,,3.2143
V4 I FORMS I LIMPEZA QUÍMICA,OUTCOME_LEADS,2026-06-21,41.05,600,10,0.0167,4.105,68.4167,537,1.1173,,,5.1312
V4 I FORMS I TRATAMENTO TÉRMICO,OUTCOME_LEADS,2026-06-22,24.81,675,13,0.0193,1.9085,36.7556,613,1.1011,,,3.1012
V4 I FORMS I LIMPEZA QUÍMICA,OUTCOME_LEADS,2026-06-22,29.87,767,7,0.0091,4.2671,38.9439,702,1.0926,,,14.935
V4 I FORMS I TRATAMENTO TÉRMICO,OUTCOME_LEADS,2026-06-23,26.89,742,10,0.0135,2.689,36.2399,668,1.1108,,,5.378
V4 I FORMS I LIMPEZA QUÍMICA,OUTCOME_LEADS,2026-06-23,31.16,1066,8,0.0075,3.895,29.2308,912,1.1689,,,6.232
V4 I FORMS I TRATAMENTO TÉRMICO,OUTCOME_LEADS,2026-06-24,23.23,637,11,0.0173,2.1118,36.4678,585,1.0889,,,3.8717
V4 I FORMS I LIMPEZA QUÍMICA,OUTCOME_LEADS,2026-06-24,27.03,773,5,0.0065,5.406,34.9677,672,1.1503,,,
V4 I LEADS I Whats App - Tratamento Térmico e Limpeza Química,OUTCOME_ENGAGEMENT,2026-06-24,0.9,317,2,0.0063,0.45,2.8391,315,1.0063,,,0.45
V4 I LEADS I Whats App - Tratamento Térmico e Limpeza Química,OUTCOME_ENGAGEMENT,2026-06-24,7.11,322,5,0.0155,1.422,22.0807,264,1.2197,,,3.555
V4 I FORMS I TRATAMENTO TÉRMICO,OUTCOME_LEADS,2026-06-25,19.29,468,4,0.0085,4.8225,41.2179,439,1.0661,,,9.645
V4 I FORMS I LIMPEZA QUÍMICA,OUTCOME_LEADS,2026-06-25,21.52,666,7,0.0105,3.0743,32.3123,599,1.1119,,,7.1733
V4 I LEADS I Whats App - Tratamento Térmico e Limpeza Química,OUTCOME_ENGAGEMENT,2026-06-25,14.88,764,17,0.0223,0.8753,19.4764,555,1.3766,,,1.86
V4 I FORMS I TRATAMENTO TÉRMICO,OUTCOME_LEADS,2026-06-26,24.55,537,3,0.0056,8.1833,45.7169,502,1.0697,,,12.275
V4 I FORMS I LIMPEZA QUÍMICA,OUTCOME_LEADS,2026-06-26,17.8,453,3,0.0066,5.9333,39.2936,397,1.1411,,,5.9333
V4 I LEADS I Whats App - Tratamento Térmico e Limpeza Química,OUTCOME_ENGAGEMENT,2026-06-26,17.05,884,7,0.0079,2.4357,19.2873,660,1.3394,,,4.2625
V4 I FORMS I TRATAMENTO TÉRMICO,OUTCOME_LEADS,2026-06-27,11.6,353,3,0.0085,3.8667,32.8612,344,1.0262,,,3.8667
V4 I FORMS I LIMPEZA QUÍMICA,OUTCOME_LEADS,2026-06-27,16.33,387,4,0.0103,4.0825,42.1964,341,1.1349,16.33,,5.4433
V4 I LEADS I Whats App - Tratamento Térmico e Limpeza Química,OUTCOME_ENGAGEMENT,2026-06-27,27.18,1156,22,0.019,1.2355,23.5121,822,1.4063,,,2.0908
V4 I FORMS I TRATAMENTO TÉRMICO,OUTCOME_LEADS,2026-06-28,26.38,612,10,0.0163,2.638,43.1046,604,1.0132,26.38,26.38,5.276
V4 I FORMS I LIMPEZA QUÍMICA,OUTCOME_LEADS,2026-06-28,29.08,536,10,0.0187,2.908,54.2537,450,1.1911,29.08,,3.635
V4 I LEADS I Whats App - Tratamento Térmico e Limpeza Química,OUTCOME_ENGAGEMENT,2026-06-28,19,735,5,0.0068,3.8,25.8503,580,1.2672,,,4.75
V4 I FORMS I TRATAMENTO TÉRMICO,OUTCOME_LEADS,2026-06-29,21.26,593,8,0.0135,2.6575,35.8516,556,1.0665,,,3.5433
V4 I FORMS I LIMPEZA QUÍMICA,OUTCOME_LEADS,2026-06-29,20,606,5,0.0083,4,33.0033,518,1.1699,,,5
V4 I LEADS I Whats App - Tratamento Térmico e Limpeza Química,OUTCOME_ENGAGEMENT,2026-06-29,16.99,567,8,0.0141,2.1237,29.9647,429,1.3217,,,3.398
V4 I FORMS I TRATAMENTO TÉRMICO,OUTCOME_LEADS,2026-06-30,18.97,658,7,0.0106,2.71,28.8298,642,1.0249,,,3.794
V4 I FORMS I LIMPEZA QUÍMICA,OUTCOME_LEADS,2026-06-30,19.41,519,5,0.0096,3.882,37.3988,474,1.0949,,,9.705
V4 I LEADS I Whats App - Tratamento Térmico e Limpeza Química,OUTCOME_ENGAGEMENT,2026-06-30,25.08,941,10,0.0106,2.508,26.6525,776,1.2126,,,5.016
V4 I FORMS I TRATAMENTO TÉRMICO,OUTCOME_LEADS,2026-07-01,7.7,197,1,0.0051,7.7,39.0863,193,1.0207,,,7.7
V4 I FORMS I LIMPEZA QUÍMICA,OUTCOME_LEADS,2026-07-01,20.14,647,7,0.0108,2.8771,31.1283,555,1.1658,,,10.07
V4 I LEADS I Whats App - Tratamento Térmico e Limpeza Química,OUTCOME_ENGAGEMENT,2026-07-01,25.99,1188,12,0.0101,2.1658,21.8771,1019,1.1658,,,5.198
V4 I FORMS I TRATAMENTO TÉRMICO,OUTCOME_LEADS,2026-07-02,25.54,687,4,0.0058,6.385,37.1761,639,1.0751,,,25.54
V4 I FORMS I LIMPEZA QUÍMICA,OUTCOME_LEADS,2026-07-02,21.22,533,8,0.015,2.6525,39.8124,445,1.1978,,,5.305
V4 I LEADS I Whats App - Tratamento Térmico e Limpeza Química,OUTCOME_ENGAGEMENT,2026-07-02,21.91,1084,9,0.0083,2.4344,20.2122,878,1.2346,,,21.91
V4 I FORMS I TRATAMENTO TÉRMICO,OUTCOME_LEADS,2026-07-03,24.36,575,7,0.0122,3.48,42.3652,516,1.1143,,,12.18
V4 I FORMS I LIMPEZA QUÍMICA,OUTCOME_LEADS,2026-07-03,17.69,546,5,0.0092,3.538,32.3993,476,1.1471,,,4.4225
V4 I LEADS I Whats App - Tratamento Térmico e Limpeza Química,OUTCOME_ENGAGEMENT,2026-07-03,20.47,794,10,0.0126,2.047,25.7809,672,1.1815,,,5.1175
V4 I FORMS I TRATAMENTO TÉRMICO,OUTCOME_LEADS,2026-07-04,15.61,395,3,0.0076,5.2033,39.519,372,1.0618,,,7.805
V4 I FORMS I LIMPEZA QUÍMICA,OUTCOME_LEADS,2026-07-04,12.04,338,4,0.0118,3.01,35.6213,302,1.1192,,,4.0133
V4 I LEADS I Whats App - Tratamento Térmico e Limpeza Química,OUTCOME_ENGAGEMENT,2026-07-04,9.1,412,3,0.0073,3.0333,22.0874,329,1.2523,,,9.1
V4 I FORMS I TRATAMENTO TÉRMICO,OUTCOME_LEADS,2026-07-05,25.99,707,7,0.0099,3.7129,36.761,654,1.081,,,8.6633
V4 I FORMS I LIMPEZA QUÍMICA,OUTCOME_LEADS,2026-07-05,23.23,622,11,0.0177,2.1118,37.3473,546,1.1392,,,2.9038
V4 I LEADS I Whats App - Tratamento Térmico e Limpeza Química,OUTCOME_ENGAGEMENT,2026-07-05,14.86,628,7,0.0111,2.1229,23.6624,483,1.3002,,,3.715
V4 I FORMS I TRATAMENTO TÉRMICO,OUTCOME_LEADS,2026-07-06,5.94,123,2,0.0163,2.97,48.2927,116,1.0603,,,5.94
V4 I FORMS I LIMPEZA QUÍMICA,OUTCOME_LEADS,2026-07-06,7.15,105,0,0,,68.0952,99,1.0606,,,
V4 I LEADS I Whats App - Tratamento Térmico e Limpeza Química,OUTCOME_ENGAGEMENT,2026-07-06,11.41,374,5,0.0134,2.282,30.508,268,1.3955,,,2.282
V4 I FORMS I TRATAMENTO TÉRMICO,OUTCOME_LEADS,2026-07-13,13.59,282,1,0.0035,13.59,48.1915,233,1.2103,,,13.59
V4 I FORMS I LIMPEZA QUÍMICA,OUTCOME_LEADS,2026-07-13,14.94,362,15,0.0414,0.996,41.2707,321,1.1277,,,2.1343
V4 I LEADS I Whats App - Tratamento Térmico e Limpeza Química,OUTCOME_ENGAGEMENT,2026-07-13,11.56,381,3,0.0079,3.8533,30.3412,278,1.3705,,,11.56
V4 I FORMS I TRATAMENTO TÉRMICO,OUTCOME_LEADS,2026-07-14,29.15,721,4,0.0055,7.2875,40.43,535,1.3477,,,29.15
V4 I FORMS I LIMPEZA QUÍMICA,OUTCOME_LEADS,2026-07-14,23.75,587,8,0.0136,2.9688,40.46,507,1.1578,,,4.75
V4 I LEADS I Whats App - Tratamento Térmico e Limpeza Química,OUTCOME_ENGAGEMENT,2026-07-14,25.94,1277,19,0.0149,1.3653,20.3132,823,1.5516,,,2.8822
V4 I FORMS I TRATAMENTO TÉRMICO,OUTCOME_LEADS,2026-07-15,12.2,287,3,0.0105,4.0667,42.5087,256,1.1211,,,6.1
V4 I FORMS I LIMPEZA QUÍMICA,OUTCOME_LEADS,2026-07-15,11.01,218,0,0,,50.5046,193,1.1295,,,
V4 I LEADS I Whats App - Tratamento Térmico e Limpeza Química,OUTCOME_ENGAGEMENT,2026-07-15,24.3,1065,20,0.0188,1.215,22.8169,893,1.1926,,,2.025
V4][ FORM][ LIMPEZA QUIMICA,OUTCOME_LEADS,2026-07-15,13.68,662,6,0.0091,2.28,20.6647,605,1.0942,,,2.736
V4 I LEADS I Whats App - Tratamento Térmico e Limpeza Química,OUTCOME_ENGAGEMENT,2026-07-16,26.77,1481,24,0.0162,1.1154,18.0756,1247,1.1877,,,2.677
V4][ FORM][ LIMPEZA QUIMICA,OUTCOME_LEADS,2026-07-16,18.34,687,10,0.0146,1.834,26.6958,571,1.2032,18.34,,3.668
V4 I LEADS I Whats App - Tratamento Térmico e Limpeza Química,OUTCOME_ENGAGEMENT,2026-07-17,36.4,14685,115,0.0078,0.3165,2.4787,569,25.8084,,,0.5687
V4][ FORM][ LIMPEZA QUIMICA,OUTCOME_LEADS,2026-07-17,22.7,563,5,0.0089,4.54,40.3197,475,1.1853,,,7.5667
V4][ FORM][ LIMPEZA QUIMICA,OUTCOME_LEADS,2026-07-18,18.43,606,13,0.0215,1.4177,30.4125,561,1.0802,18.43,,1.843
V4 I LEADS I Whats App - Tratamento Térmico e Limpeza Química,OUTCOME_ENGAGEMENT,2026-07-19,0.03,3,0,0,,10,3,1,,,
V4][ FORM][ LIMPEZA QUIMICA,OUTCOME_LEADS,2026-07-19,26.98,747,15,0.0201,1.7987,36.1178,660,1.1318,26.98,,2.4527
V4 I LEADS I Whats App - Tratamento Térmico e Limpeza Química,OUTCOME_ENGAGEMENT,2026-07-20,0.81,68,2,0.0294,0.405,11.9118,55,1.2364,,,0.81
V4][ FORM][ LIMPEZA QUIMICA,OUTCOME_LEADS,2026-07-20,25.84,858,15,0.0175,1.7227,30.1166,772,1.1114,12.92,,2.584
V4 I LEADS I Whats App - Tratamento Térmico e Limpeza Química,OUTCOME_ENGAGEMENT,2026-07-21,18.5,699,9,0.0129,2.0556,26.4664,537,1.3017,,,6.1667
V4][ FORM][ LIMPEZA QUIMICA,OUTCOME_LEADS,2026-07-21,38.02,1821,31,0.017,1.2265,20.8786,1533,1.1879,12.6733,,2.5347
V4][ FORM][ LIMPEZA QUIMICA,OUTCOME_LEADS,2026-07-22,37.13,1557,24,0.0154,1.5471,23.8471,1349,1.1542,,,2.6521
V4][ FORM][ T.T,OUTCOME_LEADS,2026-07-22,10.93,433,3,0.0069,3.6433,25.2425,379,1.1425,,,3.6433
V4][ FORM][ LIMPEZA QUIMICA,OUTCOME_LEADS,2026-07-23,23.09,1103,23,0.0209,1.0039,20.9338,975,1.1313,,,1.0495
V4][ FORM][ T.T,OUTCOME_LEADS,2026-07-23,23.34,840,13,0.0155,1.7954,27.7857,676,1.2426,,,3.89
V4][ FORM][ LIMPEZA QUIMICA,OUTCOME_LEADS,2026-07-24,25.36,989,16,0.0162,1.585,25.6421,920,1.075,,,1.9508
V4][ FORM][ T.T,OUTCOME_LEADS,2026-07-24,22.04,993,9,0.0091,2.4489,22.1954,806,1.232,,,4.408
V4][ FORM][ LIMPEZA QUIMICA,OUTCOME_LEADS,2026-07-25,22.88,849,17,0.02,1.3459,26.9494,776,1.0941,22.88,,1.76
V4][ FORM][ T.T,OUTCOME_LEADS,2026-07-25,27.65,1215,14,0.0115,1.975,22.7572,966,1.2578,,,3.0722
V4][ FORM][ LIMPEZA QUIMICA,OUTCOME_LEADS,2026-07-26,30.51,1442,32,0.0222,0.9534,21.1581,1295,1.1135,15.255,,1.1735
V4][ FORM][ T.T,OUTCOME_LEADS,2026-07-26,30.39,1416,24,0.0169,1.2663,21.4619,1148,1.2334,,,2.1707
V4][ FORM][ LIMPEZA QUIMICA,OUTCOME_LEADS,2026-07-27,27.76,2041,34,0.0167,0.8165,13.6012,1784,1.1441,,,0.9572
V4][ FORM][ T.T,OUTCOME_LEADS,2026-07-27,32.78,1774,20,0.0113,1.639,18.478,1510,1.1748,32.78,32.78,2.3414
V4][ FORM][ LIMPEZA QUIMICA,OUTCOME_LEADS,2026-07-28,24.74,1794,25,0.0139,0.9896,13.7904,1615,1.1108,24.74,,1.3021
V4][ FORM][ T.T,OUTCOME_LEADS,2026-07-28,30.9,1677,27,0.0161,1.1444,18.4258,1436,1.1678,6.18,,2.575
V4][ FORM][ LIMPEZA QUIMICA,OUTCOME_LEADS,2026-07-29,27.65,1875,34,0.0181,0.8132,14.7467,1668,1.1241,27.65,,0.8919
V4][ FORM][ T.T,OUTCOME_LEADS,2026-07-29,27.09,1596,17,0.0107,1.5935,16.9737,1398,1.1416,9.03,,3.01
V4][ FORM][ LIMPEZA QUIMICA,OUTCOME_LEADS,2026-07-30,22.18,1392,23,0.0165,0.9643,15.9339,1264,1.1013,,,1.0562
V4][ FORM][ T.T,OUTCOME_LEADS,2026-07-30,18.38,1140,14,0.0123,1.3129,16.1228,1046,1.0899,18.38,,2.6257
V4][ FORM][ LIMPEZA QUIMICA,OUTCOME_LEADS,2026-07-31,21.67,1396,22,0.0158,0.985,15.5229,1254,1.1132,21.67,,1.1405
V4][ FORM][ T.T,OUTCOME_LEADS,2026-07-31,15.53,638,12,0.0188,1.2942,24.3417,593,1.0759,15.53,,1.553
V4][ FORM][ LIMPEZA QUIMICA,OUTCOME_LEADS,2026-08-01,20.45,1747,27,0.0155,0.7574,11.7058,1543,1.1322,,,0.9295
V4][ FORM][ T.T,OUTCOME_LEADS,2026-08-01,19.9,1007,13,0.0129,1.5308,19.7617,917,1.0981,19.9,,1.8091
V4][ FORM][ LIMPEZA QUIMICA,OUTCOME_LEADS,2026-08-02,31.99,2887,40,0.0139,0.7997,11.0807,2581,1.1186,31.99,,0.914
V4][ FORM][ T.T,OUTCOME_LEADS,2026-08-02,34.48,1318,32,0.0243,1.0775,26.1608,1173,1.1236,34.48,,1.724
V4][ FORM][ LIMPEZA QUIMICA,OUTCOME_LEADS,2026-08-03,26.78,2604,37,0.0142,0.7238,10.2842,2225,1.1703,26.78,,0.8927
V4][ FORM][ T.T,OUTCOME_LEADS,2026-08-03,29.24,1000,16,0.016,1.8275,29.24,914,1.0941,14.62,,2.6582
V4][ FORM][ LIMPEZA QUIMICA,OUTCOME_LEADS,2026-08-04,21.93,1836,31,0.0169,0.7074,11.9444,1558,1.1784,,,0.8772
V4][ FORM][ T.T,OUTCOME_LEADS,2026-08-04,21.8,928,14,0.0151,1.5571,23.4914,854,1.0867,,,3.1143
V4][ FORM][ LIMPEZA QUIMICA,OUTCOME_LEADS,2026-08-05,22.61,2014,39,0.0194,0.5797,11.2264,1702,1.1833,,,0.6281
V4][ FORM][ T.T,OUTCOME_LEADS,2026-08-05,16.42,777,14,0.018,1.1729,21.1326,723,1.0747,8.21,,2.0525
V4][ FORM][ LIMPEZA QUIMICA,OUTCOME_LEADS,2026-08-06,20.81,1025,15,0.0146,1.3873,20.3024,909,1.1276,,,1.6008
V4][ FORM][ T.T,OUTCOME_LEADS,2026-08-06,19.07,760,12,0.0158,1.5892,25.0921,704,1.0795,,,2.3838
V4][ FORM][ LIMPEZA QUIMICA,OUTCOME_LEADS,2026-08-07,25.79,1253,20,0.016,1.2895,20.5826,1147,1.0924,12.895,,1.6119
V4][ FORM][ T.T,OUTCOME_LEADS,2026-08-07,26.82,951,21,0.0221,1.2771,28.2019,781,1.2177,,,2.235
V4][ FORM][ LIMPEZA QUIMICA,OUTCOME_LEADS,2026-08-08,25.07,1339,31,0.0232,0.8087,18.7229,1184,1.1309,,,0.9642
V4][ FORM][ T.T,OUTCOME_LEADS,2026-08-08,27.16,1007,22,0.0218,1.2345,26.9712,843,1.1945,13.58,,2.2633
V4][ FORM][ LIMPEZA QUIMICA,OUTCOME_LEADS,2026-08-09,33.95,1865,25,0.0134,1.358,18.2038,1718,1.0856,33.95,,1.4761
V4][ FORM][ T.T,OUTCOME_LEADS,2026-08-09,37.64,1978,33,0.0167,1.1406,19.0293,1700,1.1635,9.41,,1.7109
V4][ FORM][ LIMPEZA QUIMICA,OUTCOME_LEADS,2026-08-10,23.5,1529,24,0.0157,0.9792,15.3695,1446,1.0574,,,1.175
V4][ FORM][ T.T,OUTCOME_LEADS,2026-08-10,28.08,1588,15,0.0094,1.872,17.6826,1301,1.2206,,,2.808
V4][ FORM][ LIMPEZA QUIMICA,OUTCOME_LEADS,2026-08-11,26.03,1909,31,0.0162,0.8397,13.6354,1646,1.1598,26.03,,0.8677
V4][ FORM][ T.T,OUTCOME_LEADS,2026-08-11,24.01,1084,18,0.0166,1.3339,22.1494,907,1.1951,,,2.1827
V4][ FORM][ LIMPEZA QUIMICA,OUTCOME_LEADS,2026-08-12,24.44,1764,22,0.0125,1.1109,13.8549,1657,1.0646,,,1.4376
V4][ FORM][ T.T,OUTCOME_LEADS,2026-08-12,19.21,904,10,0.0111,1.921,21.25,844,1.0711,,,2.7443
V4][ FORM][ LIMPEZA QUIMICA,OUTCOME_LEADS,2026-08-13,25.37,1651,33,0.02,0.7688,15.3664,1520,1.0862,12.685,,0.9061
V4][ FORM][ T.T,OUTCOME_LEADS,2026-08-13,20.57,832,20,0.024,1.0285,24.7236,744,1.1183,20.57,,1.7142
V4][ FORM][ LIMPEZA QUIMICA,OUTCOME_LEADS,2026-08-14,21.73,1819,33,0.0181,0.6585,11.9461,1677,1.0847,,,0.8048
V4][ FORM][ T.T,OUTCOME_LEADS,2026-08-14,22.56,1051,9,0.0086,2.5067,21.4653,943,1.1145,,,11.28
V4][ FORM][ LIMPEZA QUIMICA,OUTCOME_LEADS,2026-08-15,19.87,1522,25,0.0164,0.7948,13.0552,1412,1.0779,9.935,,0.9032
V4][ FORM][ T.T,OUTCOME_LEADS,2026-08-15,22.89,1068,9,0.0084,2.5433,21.4326,1019,1.0481,,,2.8613
V4][ FORM][ LIMPEZA QUIMICA,OUTCOME_LEADS,2026-08-16,33.08,2797,55,0.0197,0.6015,11.827,2650,1.0555,33.08,,0.7038
V4][ FORM][ T.T,OUTCOME_LEADS,2026-08-16,32.31,2755,70,0.0254,0.4616,11.7278,2487,1.1078,16.155,,0.5385
V4][ FORM][ LIMPEZA QUIMICA,OUTCOME_LEADS,2026-08-17,22.67,2522,44,0.0174,0.5152,8.9889,2387,1.0566,,,0.5668
V4][ FORM][ T.T,OUTCOME_LEADS,2026-08-17,29.1,3009,56,0.0186,0.5196,9.671,2832,1.0625,,,0.6191
V4][ FORM][ LIMPEZA QUIMICA,OUTCOME_LEADS,2026-08-18,22.38,2136,40,0.0187,0.5595,10.4775,2011,1.0622,22.38,,0.6217
V4][ FORM][ T.T,OUTCOME_LEADS,2026-08-18,17.73,1545,24,0.0155,0.7388,11.4757,1438,1.0744,,,0.8443
V4][ FORM][ LIMPEZA QUIMICA,OUTCOME_LEADS,2026-08-19,22.61,1676,29,0.0173,0.7797,13.4905,1595,1.0508,,,0.8696
V4][ FORM][ T.T,OUTCOME_LEADS,2026-08-19,24.17,2043,24,0.0117,1.0071,11.8306,1916,1.0663,,,1.2085
V4][ FORM][ LIMPEZA QUIMICA,OUTCOME_LEADS,2026-08-20,23.94,1791,33,0.0184,0.7255,13.3668,1652,1.0841,,,0.798
V4][ FORM][ T.T,OUTCOME_LEADS,2026-08-20,24.19,2007,34,0.0169,0.7115,12.0528,1818,1.104,,,0.9676
V4][ FORM][ LIMPEZA QUIMICA,OUTCOME_LEADS,2026-08-21,25.74,1734,25,0.0144,1.0296,14.8443,1666,1.0408,,,1.0296
V4][ FORM][ T.T,OUTCOME_LEADS,2026-08-21,21.66,1715,19,0.0111,1.14,12.6297,1584,1.0827,21.66,,1.2033
V4][ FORM][ LIMPEZA QUIMICA,OUTCOME_LEADS,2026-08-22,24.56,1883,40,0.0212,0.614,13.043,1739,1.0828,,,0.6822
V4][ FORM][ T.T,OUTCOME_LEADS,2026-08-22,25.84,2235,45,0.0201,0.5742,11.5615,2051,1.0897,12.92,,0.6152
V4][ FORM][ LIMPEZA QUIMICA,OUTCOME_LEADS,2026-08-23,30.52,2413,49,0.0203,0.6229,12.6482,2182,1.1059,,,0.6635
V4][ FORM][ T.T,OUTCOME_LEADS,2026-08-23,26.35,2082,53,0.0255,0.4972,12.6561,1887,1.1033,,,0.5728
V4][ FORM][ LIMPEZA QUIMICA,OUTCOME_LEADS,2026-08-24,20.47,1618,23,0.0142,0.89,12.6514,1456,1.1113,,,1.0774
V4][ FORM][ T.T,OUTCOME_LEADS,2026-08-24,24.53,1589,35,0.022,0.7009,15.4374,1460,1.0884,24.53,,0.9812
03-  24/08 FORM T.T E LIMP QUIMICA ABO,OUTCOME_LEADS,2026-08-24,1.19,72,2,0.0278,0.595,16.5278,70,1.0286,,,1.19
V4][ FORM][ T.T,OUTCOME_LEADS,2026-08-25,0,0,0,,,,0,,,,
03-  24/08 FORM T.T E LIMP QUIMICA ABO,OUTCOME_LEADS,2026-08-25,34.76,1652,28,0.0169,1.2414,21.0412,1483,1.114,,,1.3369
03-  24/08 FORM T.T E LIMP QUIMICA ABO,OUTCOME_LEADS,2026-08-26,60.35,2026,31,0.0153,1.9468,29.7878,1652,1.2264,,,3.55
03-  24/08 FORM T.T E LIMP QUIMICA ABO,OUTCOME_LEADS,2026-08-27,79.89,3053,40,0.0131,1.9972,26.1677,2514,1.2144,26.63,,2.8532
03-  24/08 FORM T.T E LIMP QUIMICA ABO,OUTCOME_LEADS,2026-08-28,52.8,2240,39,0.0174,1.3538,23.5714,2058,1.0884,17.6,,2.5143
03-  24/08 FORM T.T E LIMP QUIMICA ABO,OUTCOME_LEADS,2026-08-29,60.69,3120,35,0.0112,1.734,19.4519,2883,1.0822,20.23,,2.4276
03-  24/08 FORM T.T E LIMP QUIMICA ABO,OUTCOME_LEADS,2026-08-30,99.06,5206,65,0.0125,1.524,19.028,4553,1.1434,16.51,,2.7517
03-  24/08 FORM T.T E LIMP QUIMICA ABO,OUTCOME_LEADS,2026-08-31,78.04,4933,52,0.0105,1.5008,15.82,4343,1.1359,13.0067,,2.6013
